Title,Site URL
Vaccine Safety | Vaccine Safety | CDC,https://www.cdc.gov/vaccinesafety/
Institute for Vaccine Safety -Influenza Vaccine Issues,http://www.vaccinesafety.edu/
Concerned about vaccine safety? Here are the facts - CNN.com,http://www.cnn.com/2017/01/11/health/vaccine-safety-explainer/
Safety | Vaccines.gov,https://www.vaccines.gov/basics/safety/
Talking about Vaccines: Vaccine Safety,http://www.immunize.org/safety/
WHO | Vaccine Safety Net,http://www.who.int/vaccine_safety/initiative/communication/network/vaccine_safety_websites/en/
Safety of Vaccines Used for Routine Immunization of US Children: A ...,http://pediatrics.aappublications.org/content/early/2014/06/26/peds.2014-1079
vaccine safety,https://www.washingtonpost.com/politics/trump-to-meet-with-proponent-of-debunked-tie-between-vaccines-and-autism/2017/01/10/4a5d03c0-d752-11e6-9f9f-5cdb4b7f8dd7_story.html
WHO | Global Vaccine Safety,http://www.who.int/vaccine_safety/en/
Vaccines: The real issues in vaccine safety : Nature News,http://www.nature.com/news/2011/110525/full/473436a.html
Vaccines: The real issues in vaccine safety : Nature News,http://www.nature.com/news/2011/110525/full/473436a.html
Vaccine Critic Kennedy Claims Trump Tapped Him to Chair Panel ...,https://www.scientificamerican.com/article/vaccine-critic-kennedy-set-to-chair-trump-panel-on-vaccination-safety1/
Vaccine Safety: The Facts - HealthyChildren.org,https://www.healthychildren.org/English/safety-prevention/immunizations/Pages/Vaccine-Safety-The-Facts.aspx
Influenza (Flu) Vaccine Safety | Seasonal Influenza (Flu) | CDC,http://www.cdc.gov/flu/protect/vaccine/vaccinesafety.htm
Vaccine Basics - Vaccine Safety,http://www.vaccineinformation.org/vaccine-safety/
Vaccine Safety Publications Publications | Research | Vaccine ...,http://www.cdc.gov/vaccinesafety/research/publications/index.html
Committee on Vaccine Safety,https://www.theatlantic.com/health/archive/2017/01/trump-taps-vaccine-skeptic-to-chair-committee-on-vaccine-safety/512708/
Safety Information About Specific Vaccines Vaccines | Vaccine ...,http://www.cdc.gov/vaccinesafety/vaccines/index.html
Robert F. Kennedy Jr. says a 'vaccine safety' commission is still in ...,http://www.sciencemag.org/news/2017/02/robert-f-kennedy-jr-says-vaccine-safety-commission-still-works
Vaccine Safety | Children's Hospital of Philadelphia,http://www.chop.edu/centers-programs/vaccine-education-center/vaccine-safety
Expert Q&A: Childhood Vaccine Safety,http://www.webmd.com/children/vaccines/features/childhood-vaccine-safety
Trump asks vaccine critic to chair committee on vaccine safety ...,http://arstechnica.com/science/2017/01/trump-asks-vaccine-critic-to-chair-committee-on-vaccine-safety/
Trump's proposed commission on vaccine safety alarms doctors ...,http://www.cbsnews.com/news/donald-trump-proposed-commission-on-vaccine-safety-alarms-doctors/
Vaccine Safety & Availability,https://www.fda.gov/BiologicsBloodVaccines/SafetyAvailability/vaccinesafety/default.htm
Trump asks vaccine skeptic to lead commission on vaccination safety,http://thehill.com/policy/healthcare/313572-trump-asks-vaccine-skeptic-to-lead-commission-on-vaccination-safety
RFK Jr. says Trump still wants 'vaccine safety commission' - POLITICO,http://www.politico.com/story/2017/02/robert-f-kennedy-jr-trump-vaccine-safety-commission-235058
Where Is the Vaccine Safety Grey Area?,http://www.theepochtimes.com/n3/2215622-where-is-the-vaccine-safety-grey-area/
Vaccine Safety Conference,http://www.vaccinesafetyconference.com/
Vaccine Safety Datalink - Wikipedia,https://en.wikipedia.org/wiki/Vaccine_Safety_Datalink
Parental vaccine safety concerns: results from the National ...,https://www.ncbi.nlm.nih.gov/pubmed/15710279
National Vaccine Information Center - Your Health. Your Family ...,http://www.nvic.org/
Vaccine safety: current and future challenges.,https://www.ncbi.nlm.nih.gov/pubmed/9677616
Council for Vaccine Safety,http://councilforvaccinesafety.org/
Gardasil HPV Vaccine Safety Assessed In Most Comprehensive ...,http://www.forbes.com/sites/tarahaelle/2015/07/15/gardasil-hpv-vaccine-safety-assessed-in-most-comprehensive-study-to-date/
The Facts Behind Vaccine Safety,https://www.health.ny.gov/prevention/immunization/vaccine_safety/proof.htm
Vaccine Safety and Your Child | Vaccine Education Center at CHOP,http://media.chop.edu/data/files/pdfs/vaccine-education-center-vaccine-safety-eng.pdf
Vaccine safety studies - thimerosal,https://www.aap.org/en-us/documents/immunization_vaccine_studies.pdf
Just How Safe Are Vaccines? Here Are the Numbers,http://www.livescience.com/57488-vaccine-safety-numbers.html
Vaccine Safety - AGE OF AUTISM,http://www.ageofautism.com/vaccines/
Vaccine News and Information from Dr. Joseph Mercola,http://vaccines.mercola.com/
WHO/Europe | Poliomyelitis - Vaccine safety events: managing the ...,http://www.euro.who.int/en/health-topics/communicable-diseases/poliomyelitis/publications/2013/vaccine-safety-events-managing-the-communications-response
Kennedy Challenges Journalists About Vaccine Safety,http://articles.mercola.com/sites/articles/archive/2017/02/28/kennedy-challenges-journalists-vaccine-safety.aspx
"No, We Don't Need a Bullshit Vaccine 'Safety Challenge'",http://gizmodo.com/no-we-dont-need-a-bullshit-vaccine-safety-challenge-1792411031
| Vaccine Safety Council of Minnesota,http://vaccinesafetycouncilminnesota.org/
The Politics of Vaccine Safety on Fearless Parent Radio | The ...,http://www.theamericanconservative.com/articles/the-politics-of-vaccine-safety-on-fearless-parent-radio/
Trump Asks Anti-Vaccine Activist Robert Kennedy Jr. to Lead Panel ...,https://theintercept.com/2017/01/10/trump-names-anti-vaccine-activist-robert-kennedy-jr-lead-panel-vaccine-safety/
Robert De Niro on vaccine safety: 'Something's wrong' | Fox News,http://www.foxnews.com/entertainment/2017/02/19/robert-de-niro-on-vaccine-safety-somethings-wrong.html
Vaccine Skeptic RFK Jr. Says He's Chairing Trump's 'Vaccine Safety ...,https://www.vice.com/en_us/article/vaccine-skeptic-rfk-jr-says-hes-chairing-trumps-vaccine-safety-commission-vgtrn
Vaccine critic Robert F. Kennedy Jr. says he'll chair Trump vaccine ...,https://www.statnews.com/2017/01/10/trump-vaccine-critic-robert-f-kennedy-jr/
"Physician's Warranty of Vaccine Safety I (Physician's name, degree ...",http://preventdisease.com/pdf/Warranty-of-Vaccine-Safety-English.pdf
Vaccine critic Robert F. Kennedy Jr. says he'll chair Trump vaccine ...,https://www.statnews.com/2017/01/10/trump-vaccine-critic-robert-f-kennedy-jr/
"Physician's Warranty of Vaccine Safety I (Physician's name, degree ...",http://preventdisease.com/pdf/Warranty-of-Vaccine-Safety-English.pdf
Trump Asks Critic of Vaccines to Lead Vaccine Safety Panel - The ...,https://www.nytimes.com/2017/01/10/us/politics/donald-trump-transition.html
'Vaccine Safety Commission': 50 studies the AAP failed to send ...,https://medium.com/@jbhandley/vaccine-safety-commission-50-studies-the-aap-failed-to-send-president-trump-bdc03a4ca8c9
"Kennedy, De Niro Hold Major Vaccine Safety Press Conference ...",http://www.infowars.com/kennedy-de-niro-to-hold-major-vaccine-safety-press-conference/
PA-15-312: Research to Advance Vaccine Safety (R01),https://grants.nih.gov/grants/guide/pa-files/PA-15-312.html
Trump's ideas on vaccine safety worry top autism researcher | The ...,http://www.sltrib.com/news/4812784-155/trumps-ideas-on-vaccine-safety-worry
Global vaccine safety blueprint - The landscape analysis,http://whqlibdoc.who.int/hq/2012/WHO_IVB_12.04_eng.pdf
Anti-Vaccine Activist Says Trump Asked Him to Head Commission ...,http://www.nbcnews.com/politics/politics-news/trump-meets-anti-vaccine-activist-after-raising-fringe-theory-trail-n705296
“Challenge” Over Vaccine Safety,https://www.buzzfeed.com/azeenghorayshi/kennedy-vaccine-denier-challenge
Vaccine Skeptic RFK Jr. Says Trump Asked Him To Lead Panel On ...,http://www.huffingtonpost.com/entry/trump-vaccines-autism_us_58750d8ce4b02b5f858b3810
Donald Trump asks vaccine skeptic Robert Kennedy Jr. to lead ...,http://www.denverpost.com/2017/01/10/robert-kennedy-jr-vaccine-safety-commission/
"Protestors, parents differ over vaccine safety - Story | WAGA",http://www.fox5atlanta.com/health/fox-medical-team/211651628-story
Trump asks vaccine skeptic RFK Jr. to lead study on vaccine safety,http://www.usatoday.com/story/news/politics/onpolitics/2017/01/10/donald-trump-robert-kennedy-vaccines-autism/96391920/
Vaccine safety | Supplies and Logistics | UNICEF,https://www.unicef.org/supply/index_vaccine_safety.html
Discover The Many Dangers Of Vaccines and Vaccination,http://www.stopmandatoryvaccination.com/vaccine-dangers/
Vaccine Safety Commission: 50 studies the AAP failed to send ...,http://www.naturalnews.com/2017-02-27-vaccine-safety-commission-50-studies-the-aap-failed-to-send-president-trump-2.html
Vaccine Safety: 10 Facts for Parents,http://www.immunize-utah.org/MA_course/vaccine_inf_parent.pdf
Vaccine Safety & Availability > Thimerosal in Vaccines,http://www.fda.gov/BiologicsBloodVaccines/SafetyAvailability/VaccineSafety/UCM096228
Is The HPV Vaccine Safe? v 2.0 — Information is Beautiful,http://www.informationisbeautiful.net/2011/is-the-hpv-vaccine-safe-v-2-0/
Vaccine Safety,http://www.nfid.org/about-vaccines/safety
Vienna Vaccine Safety Initiative,http://www.vi-vi.org/
Trump Meets with RFK Jr. To Discuss “Vaccine Safety” – Science ...,https://sciencebasedmedicine.org/trump-meets-with-rfk-jr-to-discuss-vaccine-safety/
"Vaccine Safety: Medical Contraindications, Myths, and Risk ...",http://pedsinreview.aappublications.org/content/36/6/227
Vaccine Safety & Big Pharma Issues - Vaxxed,http://vaxxedthemovie.com/vaccine-safety-big-pharma-issues/
Donald Trump gives vaccine skeptic Robert Kennedy Jr. chair of ...,http://www.cnbc.com/2017/01/10/donald-trump-appoints-vaccine-critic-robert-kennedy-jr-to-panel-examining-vaccine-safety.html
Vaccine Safety Resources Brochure,http://www.ecbt.org/images/articles/Vaccine_Safety_Resource.pdf
NVAC Vaccine Safety White Paper Final Report,https://www.hhs.gov/sites/default/files/nvpo/nvac/nvac_vswp.pdf
Trump asks RFK Jr. to chair vaccine safety commission - NY Daily ...,http://www.nydailynews.com/news/politics/trump-anti-vaccination-activist-robert-f-kennedy-meet-article-1.2942576
Vaccine Safety - Minnesota Dept. of Health,http://www.health.state.mn.us/divs/idepc/immunize/safety/
Vaccine Safety Manual for Concerned Families and Health ...,http://vacbook.com/vsm.htm
Donald Trump and a major medical clinic have moved vaccine anti ...,http://www.latimes.com/business/hiltzik/la-fi-hiltzik-vaccine-trump-cleveland-20170111-story.html
Anti-Vaxxer: Trump Tapped Me for Vaccine Safety Committee ...,http://nymag.com/scienceofus/2017/01/trump-taps-anti-vaxxer-to-chair-committee-on-vaccine-safety.html
Vaccine Safety,https://public.health.oregon.gov/PreventionWellness/VaccinesImmunization/VaccineSafety
Robert Deniro Anti Vaccine Safety Press Conference,http://www.refinery29.com/2017/02/141182/robert-de-niro-anti-vaccine-press-conference
Vaccine Safety: Answers to Parents' Top Questions,http://www.eziz.org/assets/docs/IMM-916.pdf
Trump taps vaccine skeptic Kennedy to launch review - AOL News,https://www.aol.com/article/news/2017/01/10/trump-taps-vaccine-skeptic-kennedy-to-launch-review/21652089/
Global Child Health: Vaccine Safety,http://downloads.aap.org/DOFA/Issue%20Brief%20-%20Vaccine%20Safety.pdf
Concerned About The Lack Of Vaccine Safety & The Autism ...,http://www.collective-evolution.com/2017/03/02/concerned-about-the-lack-of-vaccine-safety-the-autism-epidemic-heres-what-you-can-do/
Robert Kennedy Jr. says tapped by Trump to head vaccine safety ...,http://www.reuters.com/article/us-usa-trump-vaccines-idUSKBN14U2HK
Vaccine Safety,http://www.cdph.ca.gov/programs/immunize/Pages/VaccineSafety.aspx
Global Child Health: Vaccine Safety,http://downloads.aap.org/DOFA/Issue%20Brief%20-%20Vaccine%20Safety.pdf
Trump taps anti-vaxxer to lead vaccine safety committee (updated),https://www.engadget.com/2017/01/10/trump-taps-anti-vaxxer-for-vaccine-safety-committee/
Robert F. Kennedy Jr. to Chair Trump's Commission on Vaccine Safety,http://www.naturalblaze.com/2017/01/robert-f-kennedy-jr-chair-trumps-vaccine-safety-panel.html
Are vaccines safe? The answer is clear: Yes. - TODAY.com,http://www.today.com/health/are-vaccines-safe-answer-clear-yes-t106904
Trump Asks Vaccine Skeptic Robert F. Kennedy Jr. to Lead ...,http://ktla.com/2017/01/10/trump-asks-vaccine-skeptic-robert-f-kennedy-jr-to-lead-commission-on-vaccine-safety/
Trump and vaccine safety: Here's what RFK Jr. has said about autism.,https://www.bloomberg.com/news/articles/2017-01-11/trump-and-vaccine-safety-here-s-what-rfk-jr-has-said-about-autism
Vaccine Safety Bibliographies,https://vaers.hhs.gov/resources/biblio
WHO Vaccine Safety Basics: Welcome,http://vaccine-safety-training.org/
"Vaccine Safety Research, Data Access, and Public Trust | The ...",https://www.nap.edu/catalog/11234/vaccine-safety-research-data-access-and-public-trust
Vaccine Information Statement | Home | VIS | CDC,https://www.cdc.gov/vaccines/hcp/vis/
Vaccine Information You Need from the Immunization Action Coalition,http://www.vaccineinformation.org/
National Vaccine Information Center - Your Health. Your Family ...,http://www.nvic.org/
Vaccine Information Statements - VISs - CDC information sheets for ...,http://www.immunize.org/vis/
Vaccine Information Statement | Current VISs | CDC,http://www.cdc.gov/vaccines/hcp/vis/current-vis.html
Vaccine Education Center | Children's Hospital of Philadelphia,http://www.chop.edu/centers-programs/vaccine-education-center
VACCINE INFORMATION COALITION - Home,http://www.vacinfo.org/
National Vaccine Information Center - Wikipedia,https://en.wikipedia.org/wiki/National_Vaccine_Information_Center
Vaccination Information Network: Home,http://www.vaccinationinformationnetwork.com/
MDHHS - Vaccine Information Statements (VIS),"http://www.michigan.gov/mdhhs/0,5885,7-339-73971_4911_4914-138197--,00.html"
Vaccine Information Statements (VIS) | Vaccines.gov,https://www.vaccines.gov/more_info/vis/
WHO | Vaccines,http://www.who.int/topics/vaccines/en/
More Info | Vaccines.gov,https://www.vaccines.gov/more_info/
ThinkTwice Global Vaccine Institute: Avoid Vaccine Reactions,http://www.thinktwice.com/
Vaccine News and Information from Dr. Joseph Mercola,http://vaccines.mercola.com/
Parents Requesting Open Vaccine Education (PROVE),http://vaccineinfo.net/
Vaccine Information Statements & Addendums - Texas DSHS,https://www.dshs.texas.gov/immunize/literature/litlist.shtm
National Vaccine Information Center | Facebook,https://www.facebook.com/national.vaccine.information.center/
Vaccine Information Statements,https://www.aap.org/en-us/advocacy-and-policy/aap-health-initiatives/immunization/Pages/vis.aspx
NVIC Advocacy Home,http://nvicadvocacy.org/
"Information about Vaccines for Children, Adolescents, and Adults ...","https://www.ok.gov/health/Disease,_Prevention,_Preparedness/Immunizations/Information_about_Vaccines_for_Children,_Adolescents,_and_Adults/"
Important Vaccine Information Statement (VIS) Facts,https://www.michigan.gov/documents/mdch/newerVIS_1212_180697_7.pdf
Vaccine Information Statements (VIS),https://www.health.ny.gov/prevention/immunization/vms.htm
Vaccine Truth - My story,http://www.vaccinetruth.org/
VIEW-hub - IVAC - International Vaccine Access Center - Johns ...,http://www.jhsph.edu/research/centers-and-institutes/ivac/view-hub/
WebMD Vaccines Center - Adult Vaccination Information,http://www.webmd.com/vaccines/
ConnecticuT Vaccine Information Alliance,http://www.ctvia.org/
Allied Vaccine Group: All Information on Vaccines and Vaccination,http://www.vaccine.org/
HPV VACCINE: INFORMATION FOR PARENTS,http://www.state.nj.us/health/cd/documents/hpv_brochure.pdf
Vaccines,https://www.fda.gov/BiologicsBloodVaccines/Vaccines/
Travelers' Health | CDC,https://wwwnc.cdc.gov/travel/
HPV VACCINE: INFORMATION FOR PARENTS,http://www.nj.gov/health/cd/documents/hpv_vaccine_qa.pdf
VIEW-hub : Home,http://view-hub.org/
Vaccines and Immunization | Facts and Information,http://vaccines.com/
Vaccine Information Statements - Mississippi State Department of ...,"http://www.msdh.state.ms.us/msdhsite/_static/14,0,71,663.html"
Parent comprehension of polio vaccine information pamphlets.,https://www.ncbi.nlm.nih.gov/pubmed/8657518
Immunization - Influenza Vaccine Information,http://idph.iowa.gov/immtb/immunization/vaccine
Vaccine Information Resources,http://www.nfid.org/links/vaccines
Vaccine Information Statements (VIS) | Florida Department of Health,http://www.floridahealth.gov/programs-and-services/immunization/information-for-healthcare-providers/vis/index.html
CDC Vaccine Information | University of West Florida,http://uwf.edu/offices/student-health-services/immunizations/cdc-vaccine-information/
Childhood Vaccine Information and Schedules | Wisconsin ...,https://www.dhs.wisconsin.gov/immunization/childhood.htm
DHEC: Vaccinations,http://www.scdhec.gov/Health/Vaccinations/
Vaccine Information Statements,https://www.cdph.ca.gov/programs/immunize/Pages/VaccineInformationStatements.aspx
Vaccine Information Statements,http://www.dhhr.wv.gov/oeps/immunization/vis/pages/vis.aspx
ADH: Vaccine Information Sheets,http://www.healthy.arkansas.gov/programsServices/infectiousDisease/Immunizations/Pages/VaccineInformationSheets.aspx
HPV VACCINE: INFORMATION FOR PARENTS,https://www.nj.gov/health/cd/documents/hpv_brochure.pdf
Institute for Vaccine Safety - Vaccine Information Statements and ...,http://www.vaccinesafety.edu/VIS-ACIP.htm
Vaccine Information Statements - Mississippi State Department of ...,"http://msdh.ms.gov/msdhsite/_static/14,0,71,663.html"
Vaccine Information StatementsSkip to the navigation | Topic ...,https://healthy.kaiserpermanente.org/health/care/!ut/p/a0/FchBCoMwEAXQE8lftELormcQsclGpuNggskklGmLt1eX7yHghaD0SytZqkr5tOeqJmqPKJQtdqK8c65NlkSYEBDah9ZC8Fo7Jo5yHdveBH57X4j_tMB_pXfujkF0Hge0UtytzM8DnfvpoQ!!/
VIS: Vaccine Information Statements | mcir.org,https://www.mcir.org/resource/vis-vaccine-information-statements/
Vaccine Information Statements,https://adph.org/Immunization/Default.asp?id=541
Parents' Source of Vaccine Information and Impact on Vaccine ...,https://www.hindawi.com/journals/apm/2012/932741/
Virginia Immunization Information System .. [Portal Main Page],https://viis.vdh.virginia.gov/
Vaccination Information & Choice Network - Vaccine/Vaccination ...,http://www.wellwithin1.com/vaccine.htm
"Adult Vaccine Information | Whatcom County, WA - Official Website",http://www.co.whatcom.wa.us/759/Adult-Vaccine-Information
For Schools and Parents - Vaccine Requirements :: Washington ...,http://www.doh.wa.gov/CommunityandEnvironment/Schools/Immunization/VaccineRequirements
"vaccines information: history, science of over-vaccination",http://www.thedogplace.org/vaccines/
Flu Vaccination Information,https://www.ors.od.nih.gov/flu/Pages/default.aspx
"Children & Adolescent Vaccine Information | Whatcom County, WA ...",http://www.whatcomcounty.us/770/Children-Adolescent-Vaccine-Information
USCIS Vaccination Requirements,http://www.uscis.gov/portal/site/uscis/menuitem.5af9bb95919f35e66f614176543f6d1a/?vgnextoid=3384cc5222ff5210VgnVCM100000082ca60aRCRD&vgnextchannel=6abe6d26d17df110VgnVCM1000004718190aRCRD
USCIS Vaccination Requirements,http://www.uscis.gov/portal/site/uscis/menuitem.5af9bb95919f35e66f614176543f6d1a/?vgnextoid=3384cc5222ff5210VgnVCM100000082ca60aRCRD&vgnextchannel=6abe6d26d17df110VgnVCM1000004718190aRCRD
2016 Seasonal Flu Vaccination Information | University of Iowa ...,https://uihc.org/2016-seasonal-flu-vaccination-information
Dr Tenpenny - Exposing The Truth About Vaccines,http://drtenpenny.com/
Vaccine Information Statements (VIS) | Immunizations | Health ...,http://health.mo.gov/living/wellness/immunizations/vis.php
Pertussis Vaccine Information – Parents – Antelope Valley Union ...,http://www.avdistrict.org/apps/pages/index.jsp?uREC_ID=235076&type=d&pREC_ID=562053
National Vaccine Information Center – Science-Based Medicine,https://sciencebasedmedicine.org/tag/national-vaccine-information-center/
Vaccine Information – Valley Animal Center,https://valleyanimal.org/vaccine-information/
Vaccine Information Week | Natural Society,http://naturalsociety.com/vaccine-information-week/
Vaccine Information Statements,http://studenthealth.emory.edu/hs/services/allergy_immunization/vis.html
Immunization Requirement & Information ‐ Health Network ...,http://health.colostate.edu/immunization-requirement-information/
THE VACCINATION RACKET,http://www.whale.to/vaccines.html
Vaccines and autism: Antivaccination group advertising on billboards.,http://www.slate.com/blogs/bad_astronomy/2013/03/15/vaccines_and_autism_antivaccination_group_advertising_on_billboards.html
Vaccine Information for Health Care Professionals | Merck Vaccines,https://www.merckvaccines.com/Professional-Resources/Pages/ProfessionalResourcesHome
Vaccine Information Statements | Philadelphia Immunization Program,http://kids.phila.gov/index.php/resources/vaccine-information-statements/
Vaccine Information : Woodstock Pediatric Medicine,http://woodstockpeds.com/vaccine-information/
Travel Vaccines,http://www.immunize-utah.org/travel%20vaccines/index.html
New Yorkers for Vaccination Information and Choice,http://nyvic.org/nyvic/
Immunization - HPV Vaccine Information,https://idph.iowa.gov/immtb/immunization/hpv
Seasonal Flu Vaccine Information | Frederick County Health ...,http://health.frederickcountymd.gov/156/Seasonal-Flu-Vaccine-Information
Meningitis Vaccine Information | University Health Center,http://www.health.umd.edu/clinicalservices/allergimmuntravel/meningitis
Meningitis B vaccine information | GSK,http://www.gsk.com/en-gb/media/resource-centre/meningitis-b-vaccine-information/
Vaccine Information Sheets : Benzie-Leelanau District Health ...,http://www.bldhd.org/vaccine-information-sheets
Flu Vaccine Information – About Us – Carlsbad Municipal Schools,http://www.carlsbadnmschools.com/apps/pages/index.jsp?uREC_ID=261470&type=d&pREC_ID=1062929
Flu Vaccine Information,http://www.baycounty-mi.gov/health/fluvaccineinformation.aspx
Vaccine Information - Fairmount Pediatrics,http://fairmountpediatrics.com/vaccine-information/
Vaccine Information Statements – GIVE2MCV4,https://www.give2mcv4.org/essential-tools/vaccine-information-statements/
Federal Register :: Proposed Revised Vaccine Information Materials ...,https://www.federalregister.gov/documents/2016/10/18/2016-25144/proposed-revised-vaccine-information-materials-for-mmr-measles-mumps-and-rubella-and-mmrv-measles
Vaccine Information | AquaTactics,http://aquatactics.com/vaccine-information/
Influenza Vaccine Information | Texas Children's Pediatrics,https://texaschildrenspediatrics.org/influenza-vaccine-information
VACCINE INFORMATION | Laurel Pediatrics,http://www.advocarelaurelpediatrics.com/Useful-Links-(1)/VACCINE-INFORMATION.aspx
Hepatitis A Vaccination Information,https://www.tamhsc.edu/ehs/docs/hepatitis-a-vaccination.pdf
Immunization - Meningococcal Information,http://www.adph.org/Immunization/Default.asp?id=556
"Measles, Mumps, and Rubella (MMR) Vaccine Information Statement",https://shop.aap.org/Measles-Mumps-and-Rubella-MMR-Vaccine-Information-Statement
Vaccine Information Sheets,http://www.panfpc.com/vaccine-information-sheets
Vaccination Information Network - RationalWiki,http://rationalwiki.org/wiki/Vaccination_Information_Network
Hepatitis A Vaccine Information Statement,https://www.hrsa.gov/advisorycommittees/childhoodvaccines/Meetings/20151203/hepatitisavaccinestatement.pdf
Vaccine Information Statement (VIS) - TAHD,http://www.tahd.org/vaccine-information-statement-vis.html
Vaccine Information — Northeast Wisconsin Immunization Coalition,http://newimmunizationcoalition.org/new-page-4/
Vaccine Information Disclaimer | Animal Hospital of Chesterfield ...,http://www.animalhospitalofchesterfield.com/vaccine-information-disclaimer/
Vaccine Information Statement: ppsv - what you need to know,http://www.cottagehealth.org/app/files/public/90/Pneumococcal-Vaccine.pdf
Vaccine Excipient & Media Summary - Excipients Included in U.S. ...,https://www.cdc.gov/vaccines/pubs/pinkbook/downloads/appendices/b/excipient-table-2.pdf
Vaccines: Vac-Gen/Additives in Vaccines Fact Sheet,http://www.cdc.gov/vaccines/vac-gen/additives.htm
List of vaccine ingredients - Wikipedia,https://en.wikipedia.org/wiki/List_of_vaccine_ingredients
Vaccine Ingredients and Manufacturer Information - Vaccines ...,http://vaccines.procon.org/view.resource.php?resourceID=005206
Redirect CDC | Parents | Vaccine Ingredients,http://www.cdc.gov/vaccines/parents/vaccine-decision/ingredients.html
Vaccine Ingredients: What you should know | The Vaccine ...,http://media.chop.edu/data/files/pdfs/vaccine-education-center-vaccine-ingredients.pdf
VaxTruth.org | Vaccine Ingredients — A Comprehensive Guide,http://vaxtruth.org/2011/08/vaccine-ingredients/
Vaccinate Your Baby : Ingredients,http://www.vaccinateyourbaby.org/about/ingredients.cfm
Vaccine Ingredients & Side Effects » Generation Rescue | Jenny ...,http://www.generationrescue.org/resources/vaccination/vaccine-ingredients-and-side-effects/
Vaccine Ingredients Calculator: Discover the ingredients in the ...,http://www.vaccine-tlc.org/
Vaccine ingredients | Vaccine Knowledge,http://vk.ovg.ox.ac.uk/vaccine-ingredients
Vaccine Ingredients | Children's Hospital of Philadelphia,http://www.chop.edu/centers-programs/vaccine-education-center/vaccine-ingredients
What Goes Into a Vaccine? | PublicHealth.org,http://www.publichealth.org/public-awareness/understanding-vaccines/goes-vaccine/
What's in Vaccines | Vaccines.gov,https://www.vaccines.gov/basics/safety/vaccine_ingredients/
Discover the ingredients in the vaccines that your doctor recommends,http://www.vaccine-tlc.org/vic
MMR® II - Merck.com MMR® II,https://www.merck.com/product/usa/pi_circulars/m/mmr_ii/mmr_ii_pi.pdf
Vaccination ingredients - Vaccinations - NHS Choices,http://www.nhs.uk/Conditions/vaccinations/Pages/vaccine-ingredients.aspx
"What's really in vaccines? Proof of MSG, formaldehyde, aluminum ...",http://www.naturalnews.com/037653_vaccine_additives_thimerosal_formaldehyde.html
Aluminum and Vaccine Ingredients – National Vaccine Information ...,http://www.nvic.org/Doctors-Corner/Aluminum-and-Vaccine-Ingredients.aspx
Health Basics: The 11 most toxic vaccine ingredients and their side ...,http://www.naturalnews.com/035431_vaccine_ingredients_side_effects_MSG.html
Vaccine Safety & Availability > Common Ingredients in U.S. ...,https://www.fda.gov/BiologicsBloodVaccines/SafetyAvailability/VaccineSafety/ucm187810.htm
"Vaccine Ingredients - Formaldehyde, Aspartame, Mercury, Etc",http://www.rense.com/general59/vvac.htm
Vaccine Ingredients: Frequently Asked Questions - HealthyChildren ...,https://www.healthychildren.org/English/safety-prevention/immunizations/Pages/Vaccine-Ingredients-Frequently-Asked-Questions.aspx
11 disease causing ingredients in vaccines,http://www.naturalhealth365.com/vaccines-thimerosal-1649.html
Vaccine Ingredients and Vaccine Secrets - The Health Wyze Report,http://healthwyze.org/reports/60-vaccine-secrets
Read more: Vaccine Ingredients and Safety: A Close-Up Look,https://www.chemicalsafetyfacts.org/chemistry-context/vaccine-ingredients-and-safety-a-close-up-look/
A Breakdown of Ingredients in Childhood Vaccines - ABC News,http://abcnews.go.com/Health/breakdown-ingredients-childhood-vaccines/story?id=28859870
Vaccine Ingredients: The Truth | Time.com,http://time.com/4058511/vaccine-ingredients-inserts/
Flu vaccine ingredients – not so scary using simple math,http://www.skepticalraptor.com/skepticalraptorblog.php/scary-flu-vaccine-ingredients/
Backgrounder Facts about childhood vaccine ingredients,http://www.immunize.org/concerns/vaccine_components.pdf
Flu Vaccine Ingredients | LIVESTRONG.COM,http://www.livestrong.com/article/72306-flu-vaccine-ingredients/
Five Dangerous Dog Vaccine Ingredients - Dogs Naturally Magazine,http://www.dogsnaturallymagazine.com/five-vaccine-ingredients-that-can-harm-your-dog/
Vaccine Ingredients,http://novaccine.com/vaccine-ingredients/
Toxic myths about vaccines – Science-Based Medicine,https://sciencebasedmedicine.org/toxic-myths-about-vaccines/
Institute for Vaccine Safety - Excipients in Vaccines,http://www.vaccinesafety.edu/components-Excipients.htm
Dr. Green Mom Which Vaccine Ingredients are Most Toxic?,http://www.drgreenmom.com/vaccines/vaccine-ingredients/
About Us – VacTruth.com,https://vactruth.com/about/
VACCINE INGREDIENTS,http://www.whale.to/vaccines/ingredients.html
Type Of Vaccine Ingredients - Michigan,https://www.michigan.gov/documents/mdch/Waiver_Ed_Ingredients_479931_7.pdf
Vaccine Ingredients,https://skeptoid.com/episodes/4180
Polysorbate 80: A Risky Vaccine Ingredient,http://www.thevaccinereaction.org/2016/01/polysorbate-80-a-risky-vaccine-ingredient/
Vaccine Fillers and Ingredients 3/7/01,http://articles.mercola.com/sites/articles/archive/2001/03/07/vaccine-ingredients.aspx
Other Vaccine Ingredients | NIH: National Institute of Allergy and ...,https://www.niaid.nih.gov/research/other-vaccine-ingredients
11 of the most toxic vaccine ingredients and their side effects,http://www.vaccines.news/2016-05-19-11-of-the-most-toxic-vaccine-ingredients-and-their-side-effects.html
Why Are Vaccine Ingredients Not Being Tested for Safety?,http://www.anh-usa.org/why-are-vaccine-ingredients-not-being-tested-for-safety/
Insight: GSK vaccine ingredient scrutinized for narcolepsy clues ...,http://www.reuters.com/article/us-narcolepsy-vaccine-adjuvant-idUSBRE91708V20130208
Vaccine Ingredients Do YOU know what's in a vaccine - health ...,http://www.healthfreedomidaho.org/ingredients.html
vaccine ingredients,http://parentsrightscalifornia.weebly.com/vaccine-ingredients.html
Common Questions about Vaccine Ingredients,https://www.dshs.texas.gov/immunize/forms/vac_ingred.pdf
The Sickening Ingredient List for the Whooping Cough Vaccine (DTaP),http://www.march-against-monsanto.com/the-sickening-ingredient-list-for-the-whooping-cough-vaccine-dtap/
DO YOU KNOW WHAT'S IN A VACCINE?,http://www.learntherisk.org/wp-content/uploads/2016/03/IngredientsandDosesPoster.pdf
Harpocrates Speaks: Demystifying Vaccine Ingredients - Aluminum,http://www.harpocratesspeaks.com/2015/02/demystifying-vaccine-ingredients-aluminum.html
Flu Shot Ingredients: What's in it and is it safe?,http://www.healthline.com/health/cold-flu/flu-shot-ingredients
What are the ingredients of vaccines? – Truth about Pet Food,http://truthaboutpetfood.com/what-are-the-ingredients-of-vaccines/
side effects. vaccine ingredients – Dr Tenpenny,http://drtenpenny.com/tag/side-effects-vaccine-ingredients/
Vaccine Ingredients: Components That Influence Vaccine Efficacy ...,http://www.eurekaselect.com/node/144406/article/vaccine-ingredients-components-that-influence-vaccine-efficacy
Can Vaccine Ingredients Cause Cancer? (video) | The Truth About ...,https://thetruthaboutcancer.com/video-can-vaccine-ingredients-cause-cancer/
Vaccine Ingredients That May Cause Allergic Reactions – DrGreene ...,https://www.drgreene.com/vaccine-ingredients-allergic-reactions/
Vaccine Ingredients | Team Vaccine,https://teamvaccine.com/category/vaccine-ingredients/
7 Most Disgusting Ingredients Used To Make Vaccines | GreenMedInfo,http://www.greenmedinfo.com/blog/7-most-disgusting-ingredients-used-make-vaccines
Vaccine Ingredients - YouTube,https://www.youtube.com/watch?v=V81emw0O-Ts
"Yf-Vax (Yellow Fever Vaccine): Side Effects, Interactions, Warning ...",http://www.rxlist.com/yellow-fever-vaccine-drug.htm
inFact: Vaccine Ingredients - YouTube,https://www.youtube.com/watch?v=uwcRxssifo8
Vaccine Ingredients,http://www.ashlandchild.org/vaccine-basics/vaccine-ingredients/
COMPLETE LIST OF VACCINE INGREDIENTS AND THEIR ...,https://www.facebook.com/notes/deane-z-ewing/complete-list-of-vaccine-ingredients-and-their-known-side-effects-and-more/486121481471360/
What Ingredients Are In A Flu Shot? | Passport Health,https://www.passporthealthusa.com/2016/10/what-ingredients-are-in-the-flu-shot/
What You Didn't Know About the Aborted Baby Parts in Your Vaccines,http://www.livingwhole.org/what-you-didnt-know-about-the-aborted-baby-parts-in-your-vaccines/
"Just the Vax, Please: Have you heard these “toxic” vaccine myths ...",http://www.healthmap.org/site/diseasedaily/article/just-vax-please-have-you-heard-these-%E2%80%9Ctoxic%E2%80%9D-vaccine-myths-8414
Shingles vaccine ingredients | Quantum Leap Doctor,http://www.quantumleapdr.com/2012/06/05/shingles-vaccine-ingredients/
vaccine ingredients – Anti-Vaccine Scientific Support Arsenal,https://avscientificsupportarsenal.wordpress.com/tag/vaccine-ingredients/
Scared of the flu vaccine? Let's see what's really inside it.,http://www.kevinmd.com/blog/2015/01/scared-flu-vaccine-lets-see-whats-really-inside.html
"Carcinogens, neurotoxins, and seizure-causing chemicals in the Flu ...",http://www.healthy-holistic-living.com/carcinogens-neurotoxins-seizure-causing-chemicals-flu-vaccine-full-breakdown-ingredients.html
Biological Ingredients - Vaccine Choice Canada,http://vaccinechoicecanada.com/about-vaccines/vaccine-ingredients/biological-ingredients/
Priorix,http://ca.gsk.com/media/591220/priorix.pdf
Vaccine Ingredients Shrouded in Secrecy | Vaccination Information ...,http://www.vaccinationinformationnetwork.com/vaccine-ingredients-shrouded-in-secrecy/
Vaccines,http://www.sailhome.org/Concerns/Vaccines.html
"Vaccine Ingredient Research Archives - SaneVax, Inc.",http://sanevax.org/research-blog/vaccine-ingredients-2/
Vaccine Ingredients | Vaccine Decision,http://www.vaccinedecision.info/cgi-bin/viewcontent.cgi?article_id=57
Shocking: Full List of Flu Vaccine Ingredients - Carcinogens ...,http://www.healthyfoodhouse.com/shocking-full-list-flu-vaccine-ingredients-carcinogens-neurotoxins/
What's Really in the DTaP? | Levi Quackenboss,https://leviquackenboss.wordpress.com/2016/02/17/whats-really-in-the-dtap/
Vaccine Ingredients from Phy.Desk Ref.,http://www.vaclib.org/basic/vacingredient.htm
"Vaccine Ingredients: Thimerosal, Aluminum, Mercury, Formaldehyde ...",http://www.vaxmainekids.org/vaccination-safety/ingredients/
Common Parental Concerns,https://www.aap.org/en-us/advocacy-and-policy/aap-health-initiatives/immunization/Pages/Common-Parental-Concerns.aspx
American Academy of Pediatrics . Questions and Answers about ...,https://www.supremecourt.gov/opinions/URLs_Cited/OT2010/09-152/Am.Academy.PDF
GARDASIL INGREDIENTS,http://www.offtheradar.co.nz/vaccines/52-gardasil-ingredients.html
Debunking Vaccine Ingredient | Immunize Nevada,https://www.immunizenevada.org/news/debunking-vaccine-ingredient-myths
Cdc vaccine Ingredients - BetheVoice,http://bethevoice.typepad.com/vax_info_resources/cdc%20vaccine%20ingredients%20.pdf
Ingredient Listing | Immunize for Good,http://www.immunizeforgood.com/vaccines/ingredient-listing
Vaccine Ingredients – VAXOPEDIA,https://vaxopedia.org/category/vaccine-ingredients/
How To Detoxify and Heal From Vaccinations – For Adults and ...,http://www.organiclifestylemagazine.com/issue/17-how-to-detoxify-and-heal-from-vaccinations-for-adults-and-children
Ontario public health unit compares vaccine ingredients to those in ...,http://www.heatherfraser.org/blog/ontario-public-health-unit-compares-vaccine-ingredients-to-those-in-ice-cream-and-bagels
Vaccine Ingredients - The original title of the page,http://experimentalvaccines.org/vaccine-ingredients/
Vaccine Ingredients,http://www.vaccination.inoz.com/ingredie.html
Ingredients,http://www.ecbt.org/index.php/facts_and_issues/article/ingredients
Vaccine ingredients –,http://www.vaxchoicevt.com/science/doyouknow/
Vaccine contents - Immunize Canada,http://immunize.ca/en/publications-resources/contents.aspx
Vaccine ingredients,http://www.immune.org.nz/sites/default/files/resources/ConcernVaccineIngredients20140522V01Final.pdf
Common vaccine ingredient implicated in NEJM article as causative ...,http://www.vaccinationcouncil.org/2012/03/09/common-vaccine-ingredient-implicated-in-nejm-article-as-causative-in-serious-type-of-kidney-disease-by-suzanne-humphries-md/
VRM: Vaccine Ingredients « Vaccine Resistance Movement,http://vaccineresistancemovement.org/?cat=75
CDC scientist admits some vaccine ingredients can be toxic at high ...,http://thesciencepost.com/cdc-scientist-admits-some-vaccine-ingredients-can-be-toxic-at-high-enough-doses-especially-dihydrogen-monoxide/
Vaccines and Autism: A Tale of Shifting Hypotheses | Clinical ...,http://cid.oxfordjournals.org/content/48/4/456.full
Vaccines Do Not Cause Autism Concerns | Vaccine Safety | CDC,http://www.cdc.gov/vaccinesafety/concerns/autism.html
Autism-Vaccine Link: Evidence Doesn't Dispel Doubts,http://www.webmd.com/brain/autism/searching-for-answers/vaccines-autism
Autism and Vaccines - Autism Science Foundation,http://autismsciencefoundation.org/what-is-autism/autism-and-vaccines/
No MMR-Autism Link in Large Study of Vaccinated vs. Unvaccinated ...,https://www.autismspeaks.org/science/science-news/no-mmr-autism-link-large-study-vaccinated-vs-unvaccinated-kids
MMR and Autism: Our Story - Voices For Vaccines,https://www.voicesforvaccines.org/mmr-and-autism-our-story/
Vaccines & Autism – Science-Based Medicine,https://sciencebasedmedicine.org/reference/vaccines-and-autism/
7 things about vaccines and autism that the movie 'Vaxxed' won't tell ...,https://www.washingtonpost.com/news/to-your-health/wp/2016/05/25/7-things-about-vaccines-and-autism-that-the-movie-vaxxed-wont-tell-you/
MMR vaccine controversy - Wikipedia,https://en.wikipedia.org/wiki/MMR_vaccine_controversy
NOVA - Official Website | The Autism-Vaccine Myth,http://www.pbs.org/wgbh/nova/body/autism-vaccine-myth.html
Vaccines and autism: Separating fact from fiction | BabyCenter,http://www.babycenter.com/0_vaccines-and-autism-separating-fact-from-fiction_1470554.bc
Why Does the Vaccine/Autism Controversy Live On ...,http://discovermagazine.com/2009/jun/06-why-does-vaccine-autism-controversy-live-on
Talking about Vaccines: Autism,http://www.immunize.org/autism/
Vaccines and Autism,http://media.chop.edu/data/files/pdfs/vaccine-education-center-autism.pdf
The big vaccine conspiracy: Secret documents confirm vaccines ...,http://www.vaccines.news/2016-02-16-the-big-vaccine-conspiracy-secret-documents-confirm-vaccines-cause-autism.html
Trump's Dangerous Support for Conspiracies About Autism and ...,http://www.newyorker.com/tech/elements/trumps-dangerous-support-for-conspiracies-about-autism-and-vaccines
Vaccine Myths Debunked | PublicHealth.org,http://www.publichealth.org/public-awareness/understanding-vaccines/vaccine-myths-debunked/
The Vaccine Autism Link - AGE OF AUTISM,http://www.ageofautism.com/the-vaccine-autism-link.html
"Is The CDC Hiding Data About Mercury, Vaccines, And Autism?",https://www.forbes.com/sites/emilywillingham/2014/02/22/is-the-cdc-hiding-data-about-mercury-vaccines-and-autism/
and Autism Association Between Thimerosal-Containing Vaccine,https://www.fourteenstudies.org/pdf/HG_8.pdf
and Autism Association Between Thimerosal-Containing Vaccine,https://www.fourteenstudies.org/pdf/HG_8.pdf
Vaccines DO Cause Autism-Undeniable Scientific Proof – Anti ...,https://avscientificsupportarsenal.wordpress.com/2015/04/29/vaccines-do-cause-autism-undeniable-scientific-proof/
22 Medical Studies That Show Vaccines Can Cause Autism,http://www.activistpost.com/2013/09/22-medical-studies-that-show-vaccines.html
What the News Isn't Saying About Vaccine-Autism Studies | Sharyl ...,https://sharylattkisson.com/what-the-news-isnt-saying-about-vaccine-autism-studies/
Do Vaccines Cause Autism? | History of Vaccines,http://www.historyofvaccines.org/content/articles/do-vaccines-cause-autism
Is There a Connection Between Vaccines and Autism?,http://kidshealth.org/en/parents/autism-studies.html
Marco Arturo - Vaccines DO cause autism.,https://www.facebook.com/224110424640151/videos/224150204636173/
"The MMR vaccine and autism: Sensation, refutation, retraction, and ...",https://www.ncbi.nlm.nih.gov/pmc/articles/PMC3136032/
The Science Facts about Autism and Vaccines,http://www.healthcare-management-degree.net/autism-vaccines/
US President-Elect Donald Trump has said vaccines cause autism,http://www.businessinsider.com/trump-vaccines-autism-2016-11
"Donald J. Trump on Twitter: ""Healthy young child goes to doctor ...",https://twitter.com/realdonaldtrump/status/449525268529815552?lang=en
Why Vaccine Myths Persist: Trump Team References Debunked ...,http://www.livescience.com/57465-vaccines-autism-trump-rfk.html
Autism and vaccine study results questioned - CNN.com,http://www.cnn.com/2014/08/27/health/irpt-cdc-autism-vaccine-study/
30 Scientific Studies Showing the Link between Vaccines and Autism,https://healthimpactnews.com/2013/30-scientific-studies-showing-the-link-between-vaccines-and-autism/
Proposed Presidential Autism–Vaccine Panel Could Help Spread ...,https://www.scientificamerican.com/article/proposed-presidential-autism-vaccine-panel-could-help-spread-disease/
Vaccine safety studies - thimerosal,https://www.aap.org/en-us/documents/immunization_vaccine_studies.pdf
Study Alleging a Connection Between Vaccines and Autism ...,http://www.snopes.com/2016/11/29/study-alleging-a-connection-between-vaccines-and-autism-unpublished-by-journal/
Jenny McCarthy on Autism and Vaccines - TIME,"http://content.time.com/time/health/article/0,8599,1888718,00.html"
Front Matter | Immunization Safety Review: Vaccines and Autism ...,https://www.nap.edu/read/10997/chapter/1
The Crash and Burn of an Autism Guru - The New York Times,http://www.nytimes.com/2011/04/24/magazine/mag-24Autism-t.html
Anti-Vaxxers Accidentally Fund a Study Showing No Link Between ...,http://www.newsweek.com/anti-vaxxers-accidentally-fund-study-showing-theres-no-link-between-autism-and-379245
Vaccines and autism – science says they are unrelated,http://www.skepticalraptor.com/skepticalraptorblog.php/yes-autism-rate-rising-vaccines-caused-vaccines/
Autism and Immunizations: Adverse Vaccine Reactions. Thinktwice!,http://www.thinktwice.com/autism.htm
Immunization Safety Review: Vaccines and Autism : Health and ...,http://nationalacademies.org/hmd/reports/2004/immunization-safety-review-vaccines-and-autism.aspx
Vaccine Safety: Examine the Evidence - HealthyChildren.org,https://www.healthychildren.org/English/safety-prevention/immunizations/Pages/Vaccine-Studies-Examine-the-Evidence.aspx
"A Population-Based Study of Measles, Mumps, and Rubella ...",http://www.nejm.org/doi/full/10.1056/NEJMoa021134
Lack of Association between Measles Virus Vaccine and Autism with ...,http://journals.plos.org/plosone/article?id=10.1371/journal.pone.0003140
The “Why Vaccines Don't Cause Autism” Papers | Speaking of ...,http://blogs.plos.org/speakingofmedicine/2017/01/20/the-why-vaccines-dont-cause-autism-papers/
Autism Occurrence by MMR Vaccine Status Among US Children ...,http://jamanetwork.com/journals/jama/fullarticle/2275444
Vaccines are not associated with autism: An evidence-based meta ...,http://www.sciencedirect.com/science/article/pii/S0264410X14006367
FDA document admits vaccines are linked to autism - NaturalNews ...,http://www.naturalnews.com/053469_vaccines_autism_FDA_documents.html
How do vaccines cause autism?,http://howdovaccinescauseautism.com/
Trump's reckless linkage of vaccines and autism | The Seattle Times,http://www.seattletimes.com/opinion/trumps-reckless-linkage-of-vaccines-and-autism/
Vaccines and Autism | Children's Hospital of Philadelphia,http://www.chop.edu/centers-programs/vaccine-education-center/vaccines-and-other-conditions/vaccines-autism
Study linking vaccines to autism pulled following heavy criticism ...,http://retractionwatch.com/2016/11/28/study-linking-vaccines-autism-pulled-frontiers-following-heavy-criticism/
Vaccines and Autism | Southwest Autism Research & Resource ...,https://www.autismcenter.org/vaccines-and-autism
New Vaccines Still Cause Autism and the U.S. Government Knows It ...,http://www.globalresearch.ca/new-vaccines-still-cause-autism-and-the-u-s-government-knows-it/5573951
Vaccines and the autism myth - part 1 (video) | Khan Academy,https://www.khanacademy.org/science/health-and-medicine/infectious-diseases/influenza/v/vaccines-and-the-autism-myth-part-1
Donald Trump and the anti-vaxxer conspiracy theorists - Chicago ...,http://www.chicagotribune.com/news/opinion/commentary/ct-donald-trump-anti-vaxxer-20170116-story.html
Vaccines and autism: a new scientific review - CBS News,http://www.cbsnews.com/news/vaccines-and-autism-a-new-scientific-review/
CDC Whistle Blower admits MMR Vaccine causes Autism - YouTube,https://www.youtube.com/watch?v=q62DcaNs_0M
VAXXED: CDC Study Shows Link Between MMR Vaccine and Autism,http://www.stopmandatoryvaccination.com/vaxxed/vaxxed-cdc-study-shows-link-between-mmr-vaccine-and-autism/
This Kid Collected All The Evidence Showing Vaccines Cause Autism,https://www.buzzfeed.com/ishmaeldaro/marco-trolls-anti-vaxxers
Vaccines and Autism-Did Vaccines Cause My Son's Autism?,https://wholenewmom.com/health-concerns/did-vaccines-cause-my-sons-autism/
Vaccination » Generation Rescue | Jenny McCarthy's Autism ...,http://www.generationrescue.org/resources/vaccination/
Bernadine Healy: The Question of a Link Between Vaccines and ...,http://www.thevaccinereaction.org/2016/11/bernadine-healy-the-question-of-a-link-between-vaccines-and-autism-is-unanswered/
Government Concedes Vaccine-Autism Case in Federal Court - Now,http://www.huffingtonpost.com/david-kirby/government-concedes-vacci_b_88323.html
Autism & Vaccines,http://www.nvic.org/nvic-archives/newsletter/autismandvaccines.aspx
Study Linking Childhood Vaccine And Autism Was Fraudulent ...,http://www.npr.org/sections/health-shots/2011/01/06/132703314/study-linking-childhood-vaccine-and-autism-was-fraudulent
Tom Price rejects claim that vaccines cause autism,https://www.statnews.com/2017/01/24/tom-price-hhs-senate-finance/
Saturday Morning Breakfast Cereal - Autism and Vaccines,http://www.smbc-comics.com/comic/autism-and-vaccines
Yet Another Study Debunks Autism-Vaccine Link | American Council ...,http://www.acsh.org/news/2016/04/04/yet-another-study-debunks-autism-vaccine-link
WHO | MMR and autism,http://www.who.int/vaccine_safety/topics/mmr/mmr_autism/en/
One Thing We Know About Autism: Vaccines Aren't to Blame,http://news.nationalgeographic.com/news/2013/07/130716-autism-vaccines-mccarthy-view-medicine-science/
Donald Trump's long history of troubling statements about vaccines ...,http://mashable.com/2017/01/10/donald-trump-vaccines-autism/
"RETRACTED: Ileal-lymphoid-nodular hyperplasia, non-specific ...",http://www.thelancet.com/journals/lancet/article/PIIS0140-6736(97)11096-0/abstract
Vaccines Don't Cause Autism — So What Does?,http://www.healthline.com/health-news/vaccines-dont-cause-autism-so-what-does-022015
Science summary: CDC studies on vaccines and autism,https://www.cdc.gov/vaccinesafety/pdf/cdcstudiesonvaccinesandautism.pdf
Doctor behind vaccine-autism link loses license | TIME.com,http://healthland.time.com/2010/05/24/doctor-behind-vaccine-autism-link-loses-license/
A Cleveland Clinic Doctor Wrongly Linked Vaccines With Autism ...,http://www.self.com/story/cleveland-clinic-doctor-vaccines-safety
CDC Study Debunks link between Vaccines and Autism,https://www.passporthealthusa.com/2015/12/cdc-study-debunks-vaccine-autism-link/
LaHood: I 'know the truth' about vaccines and autism - San Antonio ...,http://www.expressnews.com/news/news_columnists/brian_chasnoff/article/LaHood-I-know-the-truth-about-vaccines-and-9191602.php
An Angry Father's Guide to Vaccine-Autism Science (understanding ...,https://medium.com/@jbhandley/an-angry-father-s-guide-to-vaccine-autism-science-understanding-distracting-research-ae09fd767e1f
Viral image perpetuates misconception that vaccines cause autism ...,http://www.politifact.com/ohio/statements/2016/aug/29/viral-image/viral-image-perpetuates-misconception-vaccines-cau/
Old-school and current vaccines have no link to autism (again ...,http://www.latimes.com/science/sciencenow/la-sci-sn-old-vaccination-autism-20150928-story.html
Autism and vaccine 'link' debunked perfectly by 12-year-old video ...,http://www.independent.co.uk/news/science/autism-and-vaccine-link-debunked-perfectly-by-12-year-old-video-blogger-a7059726.html
Marco Arturo Reads All The Evidence That Vaccines Cause Autism,http://aplus.com/a/marco-artuo-evidence-vaccines-autism?no_monetization=true
Donald Trump suggested vaccines cause autism during the CNN ...,http://www.slate.com/blogs/xx_factor/2015/09/16/donald_trump_suggested_vaccines_cause_autism_during_the_cnn_gop_debate_he.html
US|A Discredited Vaccine Study's Continuing Impact on Public Health,https://www.nytimes.com/2015/02/02/us/a-discredited-vaccine-studys-continuing-impact-on-public-health.html
Administration of thimerosal-containing vaccines to infant rhesus ...,http://www.pnas.org/content/112/40/12498.abstract
Stunner! Whistleblower claims feds hiding vaccine-autism link,http://www.wnd.com/2015/08/stunner-whistleblower-claims-feds-hiding-vaccine-autism-link/
"Culprits of Autism: Toxins, Gut Bacteria, & Vaccines",http://articles.mercola.com/sites/articles/archive/2014/10/06/culprits-autism.aspx
12-Year-Old Scientist Reveals Evidence Linking Vaccines To Autism ...,http://www.boredpanda.com/scientific-evidence-vaccines-cause-autism-marco-arturo/
The Link Between Vaccines and Autism: True or False? | Psych ...,https://psychcentral.com/lib/the-link-between-vaccines-and-autism-true-or-false/
The Truth About Autism,https://www.health.ny.gov/prevention/immunization/vaccine_safety/truth_about_autism.htm
Vaccine Whistleblower: Exposing Autism Research Fraud at the ...,https://www.amazon.com/Vaccine-Whistleblower-Exposing-Autism-Research/dp/1634509951
Media Coverage of the Measles-Mumps-Rubella Vaccine and ...,http://pediatrics.aappublications.org/content/121/4/e836
Do Vaccines Really Cause Autism? - Childhood Vaccines - Health ...,"http://www.health.com/health/article/0,,20411250,00.html"
"4 In Light Of Autism Comments, White House Prodded On Vaccines",https://www.disabilityscoop.com/2017/02/09/in-white-house-prodded-vaccines/23301/
Vaccinate Your Baby : Vaccines & Autism,http://www.vaccinateyourbaby.com/safe/autism/index.cfm
Birth-18 Years Immunization Schedule | CDC,http://www.cdc.gov/vaccines/schedules/hcp/imz/child-adolescent.html
Immunization Schedules | CDC,https://www.cdc.gov/vaccines/schedules/
Immunization Schedules for Children in Easy-to-read Formats | CDC,http://www.cdc.gov/vaccines/schedules/easy-to-read/child.html
Birth-18 Years and Catchup Immunization Schedules for Providers ...,https://www.cdc.gov/vaccines/schedules/hcp/child-adolescent.html
Easy-to-read Immunization Schedule by Vaccine for Ages Birth-6 ...,http://www.cdc.gov/vaccines/schedules/easy-to-read/child-easyread.html
2017 Combined Recommended Immunization Schedule for ...,https://www.cdc.gov/vaccines/schedules/downloads/child/0-18yrs-child-combined-schedule.pdf
Immunization Schedule,https://www.aap.org/en-us/advocacy-and-policy/aap-health-initiatives/immunization/Pages/Immunization-Schedule.aspx
Immunization Schedule,http://kidshealth.org/en/parents/immunization-chart.html
Instant Childhood Immunization Scheduler | CDC,https://www2a.cdc.gov/nip/kidstuff/newscheduler_le/
Recommended Immunization Schedules - HealthyChildren.org,https://www.healthychildren.org/English/safety-prevention/immunizations/Pages/Recommended-Immunization-Schedules.aspx
Vaccine Schedule | Children's Hospital of Philadelphia,http://www.chop.edu/centers-programs/vaccine-education-center/vaccine-schedule
CDC Resources: Immunization schedules,http://www.immunize.org/cdc/schedules/
2017 Child Vaccine Schedule: Goodbyes and Hellos,http://www.medscape.com/viewarticle/875430
Vaccination schedule - Wikipedia,https://en.wikipedia.org/wiki/Vaccination_schedule
CDC Vaccine Schedules on the App Store,https://itunes.apple.com/us/app/cdc-vaccine-schedules/id875273858?mt=8
The Problem With Dr Bob's Alternative Vaccine Schedule | Special ...,http://pediatrics.aappublications.org/content/123/1/e164
Immunization Schedules | Red Book Online | AAP Point-of-Care ...,https://redbook.solutions.aap.org/SS/Immunization_Schedules.aspx
Are There Alternative Vaccine Schedules for Babies?,http://www.webmd.com/children/vaccines/features/alternative-vaccine-schedule
Recommended Immunization Schedules for Children and Adults,https://www.dshs.texas.gov/immunize/schedule/
Immunization Schedules,http://www.aafp.org/patient-care/public-health/immunizations/schedules.html
Recommended Immunization Schedule: What You Should Know ...,http://media.chop.edu/data/files/pdfs/vaccine-education-center-recomm-immuniz-sched-eng.pdf
Immunization schedules by antigens,http://apps.who.int/immunization_monitoring/globalsummary/schedules
Infant and Toddler Vaccine Schedule,http://www.healthline.com/health/vaccinations/infant-immunization-schedule
Immunization Schedules - Mississippi State Department of Health,"http://www.msdh.state.ms.us/msdhsite/_static/14,0,71,439.html"
"Vaccination Clinic Schedule | TCAP Affordable spay, neuter, and ...",http://www.texasforthem.org/hours-locations/vaccinations/
Dogs: Vaccination Schedule,http://www.drsfostersmith.com/pic/article.cfm?aid=85
"Who Needs Vaccines, When - Minnesota Dept. of Health",http://www.health.state.mn.us/divs/idepc/immunize/schedules.html
Immunization schedules | Department of Public Health and ...,https://www.colorado.gov/pacific/cdphe/immunization-schedules
The Childhood Immunization Schedule and Safety: Stakeholder ...,https://www.nap.edu/catalog/13563/the-childhood-immunization-schedule-and-safety-stakeholder-concerns-scientific-evidence
Vaccine Schedule | Immunize for Good,http://www.immunizeforgood.com/vaccines/vaccine-schedule-1
Vaccine Schedule – VacTruth.com,https://vactruth.com/vaccine-schedule/
First-Year Puppy Vaccinations; A Complete Guide - American ...,http://www.akc.org/content/health/articles/puppy-shots-complete-guide/
Immunization Schedules | Immunizations | Health & Senior Services,http://health.mo.gov/living/wellness/immunizations/schedules.php
CDC Adds 3 More Vaccines to Childhood Immunization Schedule ...,http://www.thehealthyhomeeconomist.com/cdc-adds-3-more-vax-to-childhood-immunization-schedule/
Childhood Vaccine Schedule: Where is the Science?,http://www.thevaccinereaction.org/2016/10/childhood-vaccine-schedule-where-is-the-science/
recommended vaccination schedule,https://www.health.ny.gov/publications/2378.pdf
Table 2: Summary of WHO Position Papers - Recommended ...,http://www.who.int/immunization/policy/Immunization_routine_table2.pdf
"CDC's new vaccine schedule adds toxic, ovary destroying HPV ...",http://www.naturalnews.com/2017-03-02-cdcs-new-vaccine-schedule-adds-toxic-ovary-destroying-hpv-vaccines-to-recommendations.html
Conditional Admission Immunization Schedule.,http://eziz.org/assets/docs/IMM-1080_Conditional.pdf
CDC Vaccine Schedules - Android Apps on Google Play,https://play.google.com/store/apps/details?id=gov.cdc.ncird.vaccineschedule&hl=en
MDPH Childhood and Adolescent Immunization Schedule,http://www.mass.gov/eohhs/docs/dph/cdc/immunization/guidelines-childhood.pdf
The Vaccine Schedule | Parents,http://www.parents.com/health/vaccines/the-vaccine-schedule/
Vaccine Schedule - Tribeca Pediatrics,https://www.tribecapediatrics.com/vaccine-schedule/
Dog Vaccine Schedule for Puppies and Adult Dogs,http://pets.webmd.com/dogs/guide/routine-vaccinations-puppies-dogs?page=2
IMMUNIZATION SCHEDULE,http://new.dhh.louisiana.gov/assets/oph/Center-PHCH/Center-PH/immunizations/Imm_Schedule.pdf
History of the Immunization Schedule | History of Vaccines,http://www.historyofvaccines.org/content/history-immunization-schedule
Childhood and Adolescent Recommended Vaccines,https://www.nj.gov/health/cd/documents/childhood_recommended_vaccines.pdf
Immunization Scheduler | BabyCenter,http://www.babycenter.com/immunization-scheduler
2016 Combined Recommended Immunization Schedule for Persons ...,https://www.healthnet.com/static/general/unprotected/pdfs/national/policies/2016ImmunizationSchedule018yrs.pdf
Immunization Schedules | Georgia Department of Public Health,https://dph.georgia.gov/immunization-schedules
2016 Maryland Immunization Schedule,http://phpa.dhmh.maryland.gov/OIDEOR/IMMUN/Shared%20Documents/2016%20Imm%20Schedule_Final.pdf
Vaccination Schedule for Horses,https://www.valleyvet.com/library/si_horse_vaccine.html
Vaccine Schedule,http://vaccine-schedule.ecdc.europa.eu/
Catchup Immunization Scheduler for Children Six Years and Younger,https://www.vacscheduler.org/
A User-Friendly Vaccination Schedule (Part 1),http://articles.mercola.com/sites/articles/archive/2004/12/29/vaccination-schedule-part-one.aspx
Vaccines & Vaccination Schedule for Cats & Kittens,http://www.peteducation.com/article.cfm?c=1+2143&aid=951
Vaccine Schedules | SanofiPasteur.us,http://www.sanofipasteur.us/vaccines/schedule
Dog Vaccination Schedule for Puppy's First Year - dummies,http://www.dummies.com/pets/dogs/dog-vaccination-schedule-for-puppys-first-year/
Immunization - Recommendations and Schedules,https://idph.iowa.gov/immtb/immunization/schedule
Cat & Kitten Vaccination Schedule - Petfinder,https://www.petfinder.com/cats/cat-care/disaster-cat-vaccination-schedule/
Immunization Schedule,http://www.kdheks.gov/immunize/schedule.htm
"NeoTech Vaccines, LLC » Vaccination Schedule",http://neotechvaccines.com/vaccination-schedule/
Immunization Schedules,http://healthandwelfare.idaho.gov/Health/IdahoImmunizationProgram/InformationforParentsFamilies/ImmunizationSchedules/tabid/2295/Default.aspx
"Recommended Adult Immunization Schedule: United States, 2016 ...",http://annals.org/aim/article/2484895/advisory-committee-immunization-practices-recommended-immunization-schedule-adults-aged-19
Required Childhood Immunizations for Michigan School Settings,https://www.michigan.gov/documents/mdch/042613_4_schoolrequirements_419077_7.pdf
Alternative Vaccination Schedule - Dr. Sears,http://www.loving-attachment-parenting.com/alternative-vaccination-schedule-dr-sears.html
The Vaccine Book,http://www.askdrsears.com/topics/health-concerns/vaccines
Adolescent and Adult Vaccine Quiz | CDC,https://www2.cdc.gov/nip/adultimmsched/
2016 Dodds Vaccination Protocol for Dogs,http://drjeandoddspethealthresource.tumblr.com/post/147595920886/dodds-vaccination-protocol-dogs-2016
Vaccinations for Adults and Adolescents: Facts on Timing,http://www.medicinenet.com/immunizations/article.htm
Recommended Immunization Schedule for Persons Aged 0 Through ...,http://www.idakarlincenter.com/Immunization%20Schedule%200%20to%206%20yrs.pdf
Childhood Vaccine Information and Schedules | Wisconsin ...,https://www.dhs.wisconsin.gov/immunization/childhood.htm
CDC approves 2-dose HPV vaccine schedule | AAP News | AAP ...,http://www.aappublications.org/news/2016/12/15/HPV121516
Choosing a Vaccination Schedule for Your Dog | The Bark,http://thebark.com/content/choosing-vaccination-schedule-your-dog
Vaccine Schedule,http://www.pedseast.com/vaccines
Immunisation Schedule (UK). Current Immunisation Schedule | Patient,http://patient.info/doctor/immunisation-schedule-uk
Adult Vaccine Schedule,http://www.cmanet.org/files/assets/news/2015/02/adult-iz-schedule.pdf
Immunization Schedules and Requirements | Florida Department of ...,http://www.floridahealth.gov/programs-and-services/immunization/children-and-adolescents/schedules-and-requirements/index.html
"Full vaccine schedule safe for kids, no link to autism",http://www.usatoday.com/story/news/nation/2013/03/29/vaccine-schedule-autism/2026617/
The Childhood Immunization Schedule and Safety,http://iom.nationalacademies.org/~/media/Files/Report%20Files/2013/Childhood-Immunization-Schedule/ChildhoodImmunizationScheduleandSafety_RB.pdf
Childhood Vaccine Schedule,https://medlineplus.gov/magazine/issues/spring08/articles/spring08pg7.html
"Autism and Vaccines Around the World: Vaccine Schedules, Autism ...",http://www.rescuepost.com/files/gr-autism_and_vaccines_world_special_report1.pdf
Puppy Vaccinations You Need to Know | petMD,http://www.petmd.com/dog/puppycenter/health/evr_vaccines_and_your_puppy
Vaccination Schedule - Kids Plus Pediatrics,http://kidspluspgh.com/your-visit/vaccination-schedule/
Childhood Immunization Schedule | Cleveland Clinic,http://my.clevelandclinic.org/health/articles/childhood-immunization-schedule
Vaccine Schedules – New Jersey Immunization Network,http://www.immunizenj.org/child-adolescent-immunization/vaccine-schedules/
Beef Cattle Herd Health Vaccination Schedule (Livestock Health ...,https://www.uaex.edu/publications/PDF/FSA-3009.pdf
2012 Child (0-6 years) Immunization Schedule - color version,http://www.sdiz.org/documents/schedules/12_0-6yrs-schedule-pr.pdf
Vaccine Schedules | Health.mil,http://www.health.mil/Military-Health-Topics/Health-Readiness/Immunization-Healthcare/Vaccine-Recommendations/Vaccine-Schedules
Vaccine Schedule Harassment FAQs - NVIC,http://www.nvic.org/faqs/vaccine-schedule-harassment.aspx
The Childhood Immunization Schedule: Why Is It Like That?,http://www.vaccinateyourbaby.org/pdfs/Vaccine_schedule.pdf
Immunization Schedule - Austin Regional Clinic,https://www.austinregionalclinic.com/health-library/patient-education/immunization-schedule
Vaccines - U-M Pediatricians | CS Mott Children's Hospital ...,http://www.mottchildren.org/conditions-treatments/general-peds/vaccines
Vaccination Guidelines,http://www.catvets.com/public/PDFs/PracticeGuidelines/VaccinationGLS-summary.pdf
Immunization schedule for newborn baby | Immunize Nevada,http://www.immunizenevada.org/infants-children/immunization-schedule-0-6-years
Vaccination » Generation Rescue | Jenny McCarthy's Autism ...,http://www.generationrescue.org/resources/vaccination/
DPH Healthy Living Information: Immunizations - Delaware Health ...,http://www.dhss.delaware.gov/dph/dpc/immunize-children.html
Vaccines: Keep your child's shots on track - Mayo Clinic,http://www.mayoclinic.org/healthy-lifestyle/infant-and-toddler-health/in-depth/vaccines/art-20045393
Immunization Schedule – Pediatrics Department – Atrius Health,https://www.atriushealth.org/specialties-and-services/pediatrics/immunization-schedule
A User Friendly Vaccination Schedule,http://archive.lewrockwell.com/miller/miller15.html
Vaccine - Wikipedia,https://en.wikipedia.org/wiki/Vaccine
Vaccines and Immunizations | Home | CDC,https://www.cdc.gov/vaccines/
Vaccines.gov: Home,https://www.vaccines.gov/
Vaccine - Journal - Elsevier,https://www.journals.elsevier.com/vaccine
The Vaccines,https://www.thevaccines.com/
Vaccines,https://www.fda.gov/BiologicsBloodVaccines/Vaccines/
Vaccine - ScienceDirect.com,http://www.sciencedirect.com/science/journal/0264410X
WHO | Vaccines,http://www.who.int/topics/vaccines/en/
Vaccines ProCon.org,http://vaccines.procon.org/
Vaccines and Immunization | Facts and Information,http://vaccines.com/
"Vaccines news, articles and information:",http://www.naturalnews.com/vaccines.html
WebMD Vaccines Center - Adult Vaccination Information,http://www.webmd.com/vaccines/
Vaccines | An Open Access Journal from MDPI,http://www.mdpi.com/journal/vaccines
Vaccine Education Center | Children's Hospital of Philadelphia,http://www.chop.edu/centers-programs/vaccine-education-center
Vaccines News – Vaccines News Health Related News,http://www.vaccines.news/
HPV | Who Should Get Vaccine | Human Papillomavirus | CDC,http://www.cdc.gov/hpv/parents/vaccine.html
History of Vaccines - A Vaccine History Project of The College of ...,http://www.historyofvaccines.org/
"Influenza vaccines — United States, 2016–17 influenza season ...",http://www.cdc.gov/flu/protect/vaccine/vaccines.htm
Straight Talk about Vaccination - Scientific American,https://www.scientificamerican.com/article/straight-talk-about-vaccination/
Vaccine Delivery - Bill & Melinda Gates Foundation,http://www.gatesfoundation.org/What-We-Do/Global-Development/Vaccine-Delivery
The Vaccines (@thevaccines) | Twitter,https://twitter.com/thevaccines?lang=en
Vaccine Adverse Event Reporting System,https://vaers.hhs.gov/
Routine Vaccines | Disease Directory | Travelers' Health | CDC,https://wwwnc.cdc.gov/travel/diseases/routine
Adolescent and Adult Vaccine Quiz | CDC,https://www2a.cdc.gov/nip/adultimmsched/
Vaccine | Definition of Vaccine by Merriam-Webster,https://www.merriam-webster.com/dictionary/vaccine
Vaccine | Define Vaccine at Dictionary.com,http://www.dictionary.com/browse/vaccine
National Vaccine Injury Compensation Program,https://www.hrsa.gov/vaccinecompensation/
CDC Issues New Vaccine Guidelines for Adults - ABC News,http://abcnews.go.com/Health/cdc-issues-vaccine-guidelines-adults/story?id=45300235
New Vaccines Still Cause Autism and the U.S. Government Knows It ...,http://www.globalresearch.ca/new-vaccines-still-cause-autism-and-the-u-s-government-knows-it/5573951
National Vaccine Information Center - Your Health. Your Family ...,http://www.nvic.org/
The Vaccines | Facebook,https://www.facebook.com/thevaccines/
HealthMap Vaccine Finder,https://vaccinefinder.org/
Vaccine Congress,https://www.elsevier.com/events/conferences/vaccine-congress
Understanding Vaccines - PublicHealth.org,http://www.publichealth.org/public-awareness/understanding-vaccines/
Vaccines,https://www.apha.org/topics-and-issues/vaccines
Vaccine Ingredients Calculator: Discover the ingredients in the ...,http://www.vaccine-tlc.org/
Vaccine News and Information from Dr. Joseph Mercola,http://vaccines.mercola.com/
Vaccine Claims/Office of Special Masters | US Court of Federal Claims,http://www.uscfc.uscourts.gov/vaccine-programoffice-special-masters
Vaccines,https://gsksource.com/pharma/content/gsk/source/us/en/global/corporate/resources/vaccines.html
National Vaccine Program Office (NVPO) | HHS.gov,https://www.hhs.gov/nvpo/
Yale University Study Shows Association Between Vaccines and ...,http://www.ecowatch.com/yale-vaccine-study-kennedy-2246059411.html
Vaccination - Our World In Data,https://ourworldindata.org/vaccination/
The Vaccine Book,http://www.askdrsears.com/topics/health-concerns/vaccines
Zika Virus Vaccines | NIH: National Institute of Allergy and Infectious ...,https://www.niaid.nih.gov/diseases-conditions/zika-vaccines
TheVaccinesVEVO - YouTube,https://www.youtube.com/user/TheVaccinesVEVO
Vaccine Information You Need from the Immunization Action Coalition,http://www.vaccineinformation.org/
Pet Vaccines: Schedules for Cats and Dogs,http://pets.webmd.com/pet-vaccines-schedules-cats-dogs
A-1 database on vaccines and news about vaccines,http://vaccines.org/
npj Vaccines,http://www.nature.com/npjvaccines/
Vaccines | Pfizer: One of the world's premier biopharmaceutical ...,http://www.pfizer.com/health/vaccines/index
More than 350 organizations write Trump to endorse current ...,https://www.washingtonpost.com/news/to-your-health/wp/2017/02/08/more-than-350-organizations-write-trump-to-endorse-current-vaccines-safety/
Vaccines,https://www.aids.gov/hiv-aids-basics/prevention/prevention-research/vaccines/
Vaccine Information Statements - VISs - CDC information sheets for ...,http://www.immunize.org/vis/
The Vaccines – GPEI,http://polioeradication.org/polio-today/polio-prevention/the-vaccines/
Vaccines: Are They Still Contributing to the Greater Good?,http://articles.mercola.com/sites/articles/archive/2016/11/19/vaccine-safety-greater-good.aspx
"Gavi, the Vaccine Alliance",http://www.gavi.org/
International AIDS Vaccine Initiative: Home - IAVI,https://www.iavi.org/
THE VACCINATION RACKET,http://www.whale.to/vaccines.html
Institute for Vaccine Safety -Influenza Vaccine Issues,http://www.vaccinesafety.edu/
NMAH | Polio: History of Vaccines,http://amhistory.si.edu/polio/virusvaccine/history.htm
The Problem With Dr Bob's Alternative Vaccine Schedule | Special ...,http://pediatrics.aappublications.org/content/123/1/e164
Aluminum in Vaccines: What you should know | Vaccine Education ...,http://media.chop.edu/data/files/pdfs/vaccine-education-center-aluminum.pdf
The Vaccine Reaction,http://www.thevaccinereaction.org/
Vaccines - BrainPOP,https://www.brainpop.com/health/personalhealth/vaccines/
49 Doses Of 14 Vaccines,https://www.nvic.org/Downloads/49-Doses-PosterB.aspx
Vaccinations for Your Pet | ASPCA,http://www.aspca.org/pet-care/general-pet-care/vaccinations-your-pet
Cancer Vaccines Fact Sheet - National Cancer Institute,https://www.cancer.gov/about-cancer/causes-prevention/vaccines-fact-sheet
Sabin Vaccine Institute,http://www.sabin.org/
Vaccinations: A Thoughtful Parent's Guide: How to Make Safe ...,https://www.amazon.com/Vaccinations-Thoughtful-Sensible-Decisions-Alternatives/dp/0892819316
Childhood Vaccine Program - Immunization & Child Profile Office ...,http://www.doh.wa.gov/ForPublicHealthandHealthcareProviders/PublicHealthSystemResourcesandServices/Immunization/ChildhoodVaccineProgram
Merck Vaccines,https://www.merckvaccines.com/
European Vaccine Initiative: Home,http://www.euvaccine.eu/
"Vaccines, explained - Vox",http://www.vox.com/cards/vaccines
International Society of Vaccines (ISV) - Vaccine Congress ...,https://www.isv-online.org/
[Updated] Dog Vaccines: What Every Vet (And Dog Owner) Should ...,http://www.dogsnaturallymagazine.com/what-every-vet-should-know-about-vaccines/
Vaccines | GSK,http://www.gsk.com/en-gb/about-us/what-we-do/vaccines/
Official Site for GARDASIL®9 (Human Papillomavirus 9-valent ...,https://www.gardasil9.com/
WHO/Europe | Vaccines and immunization,http://www.euro.who.int/en/health-topics/disease-prevention/vaccines-and-immunization
Vaccinations | Passport Health,https://www.passporthealthusa.com/vaccinations/
Vast Majority of Americans Say Benefits of Childhood Vaccines ...,http://www.pewinternet.org/2017/02/02/vast-majority-of-americans-say-benefits-of-childhood-vaccines-outweigh-risks/
The Vaccines — Listen for free on Spotify,https://open.spotify.com/artist/0Ak6DLKHtpR6TEEnmcorKA
What are Vaccines?,http://www.news-medical.net/health/What-are-Vaccines.aspx
Emory Vaccine Center Home,http://www.vaccines.emory.edu/
Vaccines: Why Adults Don't Get Them,http://www.healthline.com/health-news/americans-skipping-helpful-vaccines
Malaria Vaccine Initiative | Home,http://www.malariavaccine.org/
IVAC - International Vaccine Access Center - Johns Hopkins ...,http://www.jhsph.edu/research/centers-and-institutes/ivac/
Approved Products > Vaccines Licensed for Use in the United States,http://www.fda.gov/Cber/vaccine/licvacc.htm
Inovio – Synthetic Vaccines Induce Powerful Immune Responses,http://www.inovio.com/technology/synthetic-vaccines/
Not Up for Debate: The Science Behind Vaccination - The New York ...,https://www.nytimes.com/2015/09/18/upshot/not-up-for-debate-the-science-behind-vaccination.html
Adult Vaccination,http://www.adultvaccination.org/
NOVA - Official Website | Vaccines—Calling the Shots,http://www.pbs.org/wgbh/nova/body/vaccines-calling-shots.html
Discover The Many Dangers Of Vaccines and Vaccination,http://www.stopmandatoryvaccination.com/vaccine-dangers/
vaccine - Wiktionary,https://en.wiktionary.org/wiki/vaccine
Immunization | Vaccine | Inoculation | MedlinePlus,https://medlineplus.gov/immunization.html
About DynPort Vaccine Company | CSRA,https://www.csra.com/dvc/
Voices For Vaccines - parents speaking up for immunization,https://www.voicesforvaccines.org/
WHO vaccine-preventable diseases: monitoring system. 2016 global ...,http://apps.who.int/immunization_monitoring/globalsummary
Map: Vaccine-Preventable Outbreaks | Introduction,http://www.cfr.org/interactives/GH_Vaccine_Map/
Human Vaccines & Immunotherapeutics,http://www.tandfonline.com/loi/khvi20
Feline Vaccination Advisory Panel Report | American Association of ...,http://www.catvets.com/guidelines/practice-guidelines/feline-vaccination-guidelines
Vaccine injury - Wikipedia,https://en.wikipedia.org/wiki/Vaccine_injury
National Vaccine Injury Compensation Program,https://www.hrsa.gov/vaccinecompensation/
Vaccine Injury Stories: the Sacred Cows of the Internet? - Voices For ...,https://www.voicesforvaccines.org/vaccine-injury-stories-the-sacred-cows-of-the-internet/
Vaccine Injury Table,https://www.hrsa.gov/vaccinecompensation/vaccineinjurytable.pdf
Heartbreaking stories of vaccine-injury. #vaxwithme #vaxxed,http://vaccine-injury.info/about.cfm
Dozens of Vaccine Injury and Vaccine Death Stories,http://www.stopmandatoryvaccination.com/vaccine-dangers/vaccine-injury-stories/
Vaccine Injury Reports | Facebook,https://www.facebook.com/VaccineInjuryReports/
Vaccine Injury Compensation – National Vaccine Information Center,http://www.nvic.org/injury-compensation.aspx
Vaccines Injuries and Deaths Increase in Government Vaccine Court,https://vaccineimpact.com/2016/vaccines-injuries-and-deaths-increase-in-government-vaccine-court-june-2016-report/
Parents of Vaccine-Injured Children Speak Out: 'The Guilt Is Huge',https://www.yahoo.com/news/parents-of-vaccine-injured-children-speak-out-110904439577.html
How Do I Know My Child Has A Vaccine Injury? | Richard Gage ...,http://www.richardgage.net/FAQchildInjured.html
Government - Vaccine Injury Compensation Reports - 75X8175,https://www.treasurydirect.gov/govt/reports/tfmp/vaccomp/vaccomp.htm
Vaccine Injury Compensation Programs | History of Vaccines,http://www.historyofvaccines.org/content/articles/vaccine-injury-compensation-programs
"A Mother's Struggle: “Your Child Is Vaccine Injured, Just Like Mine ...",http://www.collective-evolution.com/2014/01/22/a-mothers-struggle-your-child-is-vaccine-injured-just-like-mine/
History of Vaccine Safety History | Ensuring Safety | Vaccine Safety ...,http://www.cdc.gov/vaccinesafety/ensuringsafety/history/index.html
New Jersy Girl Gets $4.7 Million For Vaccine Injuries,http://www.rense.com/general28/jers.htm
Vaccine Injured Petitioners Bar Association,https://www.vipbar.org/
"What CDC statistics say about vaccine-related illnesses, injuries and ...",http://www.politifact.com/punditfact/statements/2015/feb/03/bob-sears/what-cdc-statistics-say-about-vaccine-illnesses-in/
"For F*ck's Sake, Stop Using Vaccine-Injured Children as a Reason ...",http://groundedparents.com/2016/03/22/for-fcks-sake-stop-using-vaccine-injured-children-as-a-reason-not-to-vaccinate/
Why Are Cases of Shoulder Injuries From Vaccines Increasing ...,https://www.wired.com/2015/09/cases-shoulder-injuries-vaccines-increasing/
Vaccine Claims/Office of Special Masters | US Court of Federal Claims,http://www.uscfc.uscourts.gov/vaccine-programoffice-special-masters
Vaccine Injury Court: Here's the Truth | Time.com,http://time.com/3995062/vaccine-injury-court-truth/
Vaccine Injury Compensation Program | CIVIL | Department of Justice,https://www.justice.gov/civil/vicp
U.S. GAO - Vaccine Injury Compensation: Most Claims Took Multiple ...,http://www.gao.gov/products/GAO-15-142
Vaccine Injury Litigation | GW Law | The George Washington ...,https://www.law.gwu.edu/vaccine-injury-litigation-clinic
"Conway Homer, P.C.",https://ccandh.com/
Government Removed Vaccine Injury Court Statistics from Website,http://articles.mercola.com/sites/articles/archive/2015/06/23/vaccine-injury-data.aspx
Client Compensation for Vaccine Injuries,https://www.mctlawyers.com/vaccine-injury/cases/
Repeal Immunity for Drug Companies Against Vaccine Injuries,http://petitions.moveon.org/sign/repeal-immunity-for-drug
Life with Vaccine Injury: A Mother's Perspective – VacTruth.com,https://vactruth.com/2016/09/13/life-with-vaccine-injury/
Stories Categorized by Vaccine – Vaxxed,http://www.vaxxed.com/stories-categorized-by-vaccine/
"VACCINE INJURY: First the Gut, Then the Brain | GreenMedInfo | Blog",http://www.greenmedinfo.com/blog/vaccine-injury-first-gut-then-brain
March 2015 Settlements in Vaccine Court: 117 Vaccine Injuries and ...,https://healthimpactnews.com/2015/march-2015-settlements-in-vaccine-court-117-vaccine-injuries-and-deaths/
Vaccine Injury News,http://www.vaccineinjurynews.com/
VIAL Vaccine Injury Awareness League,https://www.v-ial.org/
9 Vaccines In 1 Visit Causes Severe Vaccine Injury To Child - Stop ...,https://www.youtube.com/watch?v=Bx_ZCNpu_z4
Vaccine Injury Payouts Rise - WSJ,http://www.wsj.com/articles/vaccine-injury-payouts-rise-1440430702
Background on the Vaccine Injury Compensation Program ...,http://www.ebcala.org/unanswered-questions/vaccine-epidemic
"Young girl breaks arm just months after getting HPV vaccine, doctors ...",http://thesciencepost.com/young-girl-breaks-arm-just-months-after-getting-hpv-vaccine-doctors-refuse-to-call-it-a-vaccine-injury/
42 U.S. Code § 300aa–14 - Vaccine Injury Table | US Law | LII ...,https://www.law.cornell.edu/uscode/text/42/300aa-14
The nonsense that is “Vaccine Injury Awareness Month ...,http://scienceblogs.com/insolence/2011/10/18/the-nonsense-that-is-vaccine-injury-awar/
Light a Candle for the Vaccine-damaged,http://www.lightacandle.eu/
VACCINE INFORMATION COALITION - Home,http://www.vacinfo.org/
Vaccine Injury Lawyers | Live Chat & Free Consultation Available ...,http://vaccinationinjury.com/
"Vaccines, Vaccine Injury, & My Perspective as a Doctor & Mom - Dr ...",http://drrachael.com/vaccines-vaccine-injuries-my-perspective-as-a-doctor-and-mom/
Vaccine Injury News,http://www.vaccineinjurynews.com/
National Vaccine Injury Compensation Program,https://www.in.gov/isdh/files/VICP.pdf
"Vaccine injury, disability, and death: Making space for difficult stories ...",http://www.phillyvoice.com/vaccine-injury-disability-and-death/
1986): National Childhood Vaccine Injury Act,https://www.congress.gov/bill/99th-congress/house-bill/5546
How to Prevent Vaccine Injury | Health & Wellness News,http://www.wellnessresources.com/tips/articles/how_to_prevent_vaccine_injury/
Vaccine Injury Lawyers | Live Chat & Free Consultation Available ...,http://vaccinationinjury.com/
VaxTruth.org | Is MY Child at Risk for Vaccine-Injury?,http://vaxtruth.org/2015/02/my-child-at-risk/
"Vaccine-injured children, adults can seek compensation from ...",http://www.mercurynews.com/2015/08/02/vaccine-injured-children-adults-can-seek-compensation-from-federal-government/
WHO | No-fault compensation following adverse events attributed to ...,http://www.who.int/bulletin/volumes/89/5/10-081901/en/
Vaccine Injuries and Deaths Continue to Increase in Federal ...,http://vaccineimpact.com/2015/vaccine-injuries-and-deaths-continue-to-increase-in-federal-vaccine-court/
Vaccine Injury Table,http://www.aim.org/wp-content/uploads/2015/02/vaccineinjurytable.pdf
Brian Hooker's vaccine injury claim denied by NVICP,http://www.skepticalraptor.com/skepticalraptorblog.php/brian-hooker-vaccine-injury-claim-denied/
The CDC and media have hidden the vaccine injury court to ...,http://www.naturalnews.com/2016-12-08-the-cdc-and-media-have-hidden-the-vaccine-injury-court-to-downplay-the-vaccine-and-austim-link.html
Federal Register :: National Vaccine Injury Compensation Program ...,https://www.federalregister.gov/documents/2015/07/29/2015-17503/national-vaccine-injury-compensation-program-revisions-to-the-vaccine-injury-table
42 U.S.C. 300aa-26,https://www.gpo.gov/fdsys/pkg/USCODE-2010-title42/pdf/USCODE-2010-title42-chap6A-subchapXIX-part2-subpartc-sec300aa-26.pdf
Global vaccine injury system needed to improve public health ...,https://www.sciencedaily.com/releases/2017/02/170223134402.htm
Still no ruling in Mount Horeb sisters' HPV vaccine injury claim ...,http://host.madison.com/wsj/news/local/still-no-ruling-in-mount-horeb-sisters-hpv-vaccine-injury/article_ffb54ea8-ea3d-577b-a976-5ef875abcbab.html
"Vaccine Injury Claims & What to Know, by Vaccine Injury Lawyers ...",http://myvaccinelawyer.com/vaccine-claims/the-vaccine-claim-process/
"Vaccine-injured children, adults can seek compensation from ...",http://www.mercurynews.com/2015/08/02/vaccine-injured-children-adults-can-seek-compensation-from-federal-government/
NC Vaccine Injury Lawyers,https://www.wardblacklaw.com/practice-areas/personal-injury/vaccine-injury-lawyers-nc/
Vaccine Injury Litigation Clinic | IIT Chicago-Kent College of Law,https://www.kentlaw.iit.edu/academics/jd-program/practical-skills-training/legal-clinics/vaccine-injury-litigation-clinic
"Vaccine Injury Compensation Program reduces lawsuits, prevents ...",http://www.aappublications.org/news/2017/02/28/IDSnapshot022817
Vaccine Injury Law Project: Vaccine Injury Lawyer Ed Kraus,http://www.vaccineinjurylawproject.com/
Vaccine Injury - How To Identify It,http://immunizationalternatives.com/vaccine-injury-identify/
National Vaccine Injury Compensation Program | Benefits.gov,https://www.benefits.gov/benefits/benefit-details/641
Vaccine Adverse Event Reporting System,https://vaers.hhs.gov/
Vaccine Injury Compensation Program (VICP),https://www.cdc.gov/vaccines/pubs/pinkbook/downloads/appendices/d/vicp.pdf
Govt Wipes Recent Vaccine Injury Data From Website | Sharyl ...,https://sharylattkisson.com/govt-wipes-recent-vaccine-injury-data-from-website/
"Federal program for vaccine-injured children is failing, Stanford ...",http://news.stanford.edu/2015/07/06/vaccine-court-engstrom-070615/
Jeffrey S. Pop & Associates: Vaccine Injury Lawyer,http://www.vaccineinjuryteam.com/
Vaccine Injury - Anapol Weiss,http://www.anapolweiss.com/vaccine-injury/
Vaccine Injury Lawyers | National Vaccination Injury Compensation ...,http://www.vaccinelawyer.org/
Rationalizing vaccine injury compensation.,https://www.ncbi.nlm.nih.gov/pubmed/18154587
(PL99-660).,https://history.nih.gov/research/downloads/PL99-660.pdf
"Vaccine Injury Lawyer, Vaccine Compensation | Birmingham, AL",http://www.ragsdalellc.com/Vaccine-Injury-Lawyer-Vaccine-Compensation-Birmingham-AL.html
"Vaccine injury funds climbs, patients struggle to get payment",http://www.azcentral.com/story/news/local/phoenix/2015/05/24/vaccine-injury-funds-climbs-patients-struggle-get-payment/27876063/
Attorney Leah Durant | Vaccine Injury Compensation Program (VICP),http://vaccinelaw.com/lawyer/Nationwide-Vaccine-Injury-Lawyer-Leah-Durant_cp10770.htm
Vaccine Injury Lawyers,http://www.vaccineinjuryhelpcenter.com/
Commonly Asked Questions About the National Vaccine Injury ...,http://corporate.findlaw.com/litigation-disputes/commonly-asked-questions-about-the-national-vaccine-injury.html
Holistic Remedies to Address Vaccine Injury - Weston A Price,https://www.westonaprice.org/health-topics/vaccination/holistic-remedies-to-address-vaccine-injury/
Vaccine Injury Compensation Program | Health.mil,http://www.health.mil/Military-Health-Topics/Health-Readiness/Immunization-Healthcare/Vaccine-Safety-Adverse-Events/Reporting-Vaccine-Health-Problems/Vaccine-Injury-Compensation-Program
The antivaccine lie that just won't die: The claim that shaken baby ...,https://sciencebasedmedicine.org/the-antivaccine-lie-that-just-wont-die-shaken-baby-syndrome-is-really-due-to-vaccine-injury/
Vaccine Injuries | Los Angeles Attorneys,http://www.ajalatlaw.com/Practice-Areas/Vaccine-Injuries.aspx
National Childhood Vaccine Injury Act: Revision of the Vaccine ...,http://pediatrics.aappublications.org/content/98/6/1179
"Vaccine Injury is ""Rare""! - The Thinking Moms' Revolution",http://thinkingmomsrevolution.com/vaccine-injury-rare/
Genetic Variants That May Cause Vaccine Injury - Metabolic Healing,https://metabolichealing.com/genetic-variants-that-may-cause-vaccine-injury/
National Vaccine Injury Lawyer | Andrew D. Downing,http://nationalvaccineinjurylawyer.com/vaccine_injury_lawyers_vaccine_injury_lawyer.asp
VIDEO: Vaccine injury miraculously cured by hidden TV cameras,http://ascienceenthusiast.com/cameras-cure-vaccine-injury/
Robbed of Health & Parents in Debt: Brensen's VACCINE INJURY ...,https://steemit.com/health/@canadian-coconut/robbed-of-health-and-parents-in-debt-brensen-s-vaccine-injury-story-crippling-eczema
Vaccine Injuries » The O'Keefe Firm,http://gomedmalohio.com/practice-areas/medical-malpractice/vaccine-injuries/
The US Government Has Paid out $3 Billion to Vaccine-Injured ...,http://www.thedailysheeple.com/government-has-paid-out-3-billion-to-vaccine-injured-americans-since-1989_022015
Curtis Webb - Vaccine Injury Law and Compensation,http://www.curtisrwebb.com/
"HPV (Gardasil) injury scandals worldwide, why is U.S. media silent ...",https://medium.com/@jbhandley/hpv-gardasil-injury-scandals-worldwide-why-is-u-s-media-silent-parents-beware-86b416691f5b
Vaccine Injury program goes unknown - ABA for Law Students,http://abaforlawstudents.com/2016/04/11/the-largely-unknown-national-vaccine-injury-compensation-program/
Assessing the Effectiveness of the U.S. Vaccine Injury ...,http://www.scholarsstrategynetwork.org/brief/assessing-effectiveness-us-vaccine-injury-compensation-court
Vaccines: Vac-Gen/Side Effects,http://www.cdc.gov/vaccines/vac-gen/side-effects.htm
What to do about vaccine side effects - Vaccinations - NHS Choices,http://www.nhs.uk/conditions/vaccinations/pages/reporting-side-effects.aspx
Vaccine Side Effects and Adverse Events | History of Vaccines,http://www.historyofvaccines.org/content/articles/vaccine-side-effects-and-adverse-events
Vaccines and Side Effects: The Facts - HealthyChildren.org,https://www.healthychildren.org/English/safety-prevention/immunizations/Pages/Vaccines-And-Side-Effects-The-Facts.aspx
Vaccines Have Serious Side Effects - The Institute of Medicine Says ...,http://articles.mercola.com/sites/articles/archive/2011/09/27/vaccines-are-dangerous-says-the-government.aspx
Side Effects from Vaccines | Immunize for Good,http://www.immunizeforgood.com/resource-center/side-effects-from-vaccines
Parents | Making the Vaccine Decision | CDC,https://www.cdc.gov/vaccines/parents/vaccine-decision/
Vaccine Ingredients & Side Effects » Generation Rescue | Jenny ...,http://www.generationrescue.org/resources/vaccination/vaccine-ingredients-and-side-effects/
FAQ: Children's Vaccines,http://www.webmd.com/children/guide/childrens-vaccines-faq
Vaccine Side Effects: What Every Mom Should Know. - AGE OF ...,http://www.ageofautism.com/2013/12/vaccine-side-effects-what-every-mom-should-know.html
Common Vaccine Side Effects - AboutKidsHealth,http://www.aboutkidshealth.ca/En/HealthAZ/HealthandWellness/RoutineHealthCare/Pages/common-vaccine-side-effects.aspx
Vaccine Side Effects | Safety,http://www.vaccines.com/vaccine-side-effects.cfm
"Adult Meningococcal Vaccine: Guidelines, Side Effects, Benefits",http://www.webmd.com/vaccines/meningococcal-vaccine-for-adults
Vaccine side effects and adverse reactions | Vaccine Knowledge,http://vk.ovg.ox.ac.uk/vaccine-side-effects
Side Effects of the Shingles Vaccine: Is It Safe?,http://www.healthline.com/health/shingles-vaccine-side-effects
Vaccine Adverse Event Reporting System,https://vaers.hhs.gov/
Rubella virus vaccine Side Effects in Detail - Drugs.com,https://www.drugs.com/sfx/rubella-virus-vaccine-side-effects.html
Vivotif Oral (Typhoid Vaccine) Patient Information: Side Effects and ...,http://www.rxlist.com/vivotif-drug/patient-images-side-effects.htm
Hepatitis b adult vaccine Side Effects in Detail - Drugs.com,https://www.drugs.com/sfx/hepatitis-b-adult-vaccine-side-effects.html
Vaccines offer over 25 serious side effects,http://www.naturalhealth365.com/big-pharma-vaccines-1696.html
Vaccine side effects - health.vic,https://www2.health.vic.gov.au/about/publications/factsheets/vaccine-side-effects
Vaccine Side Effects,http://www.vaccine-side-effects.com/
Fact or Fiction?: Vaccines Are Dangerous - Scientific American,https://www.scientificamerican.com/article/fact-or-fiction-vaccines-are-dangerous/
Discover The Many Dangers Of Vaccines and Vaccination,http://www.stopmandatoryvaccination.com/vaccine-dangers/
Vaccinations: What to expect after your pet's vaccination,https://www.avma.org/public/PetCare/Pages/What-to-expect-after-your-pets-vaccination.aspx
Suit opens in Tokyo court over cervical cancer vaccine side effects ...,http://www.japantimes.co.jp/news/2017/02/13/national/crime-legal/suit-opens-tokyo-court-cervical-cancer-vaccine-side-effects/
Study finds vaccine side effects extremely rare,http://www.usatoday.com/story/news/nation/2014/07/01/vaccine-side-effects-extremely-rare/11779521/
Japan: HPV vaccine on trial for its horrifying side effects ...,http://www.naturalnews.com/2017-02-28-japan-hpv-vaccine-on-trial-for-its-horrifying-side-effects.html
Possible side effects of vaccination,http://healthywa.wa.gov.au/Articles/N_R/Possible-side-effects-of-vaccination
"Diphtheria, Tetanus & Pertussis Vaccine (DTaP)",http://kidshealth.org/en/parents/dtap-vaccine.html
"Vaccine Side Effects, Refuse Vaccines | Healing Our Children",http://www.healingourchildren.net/vaccine_side_effects.htm
DPT Vaccination Side Effects | LIVESTRONG.COM,http://www.livestrong.com/article/139281-dpt-vaccination-side-effects/
"Typhoid Vaccine, Live (Oral Route) Side Effects - Mayo Clinic",http://www.mayoclinic.org/drugs-supplements/typhoid-vaccine-live-oral-route/side-effects/drg-20066578
Side effects of the HPV vaccine,http://www.hpvvaccine.org.au/the-hpv-vaccine/side-effects.aspx
Chickenpox Vaccine Side Effects,http://chickenpox.emedtv.com/chickenpox-vaccine/chickenpox-vaccine-side-effects.html
Suspected side effects to the quadrivalent human papilloma vaccine,http://www.danmedj.dk/portal/page/portal/4108D1AFD6F34C75832ADB23BFFA10B3
Gardasil Vaccine Hoax: Vaccine Side Effect Risks Higher than ...,https://vaccineimpact.com/2016/gardasil-vaccine-hoax-vaccine-side-effect-risks-higher-than-cervical-cancer-risks/
How do I deal with my child's side effects after vaccination ...,https://www.government.nl/topics/vaccinations/question-and-answer/how-do-i-deal-with-my-child%E2%80%99s-side-effects-after-vaccination
"Hepatitis B adult vaccine - Side Effects, Dosage, Interactions ...",http://www.everydayhealth.com/drugs/hepatitis-b-adult-vaccine
Do vaccines have dangerous side effects? | Society | The Guardian,https://www.theguardian.com/society/2003/aug/13/familyandrelationships.medicineandhealth
Suspected side effects to the quadrivalent human papilloma vaccine.,http://www.ncbi.nlm.nih.gov/pubmed/25872549
Twinrix (hepatitis A and hepatitis B vaccine) Drug Side Effects ...,http://www.emedicinehealth.com/drug-hepatitis_a_and_hepatitis_b_vaccine/article_em.htm
Patient Comments: Pneumococcal Vaccination (Pneumonia Vaccine ...,http://www.medicinenet.com/pneumococcal_vaccination/patient-comments-5155.htm
Vaccine Side Effects and Placebos | FOAMcast,http://foamcast.org/2016/10/18/vaccine-side-effects-and-placebos/
Do vaccines have dangerous side effects? | Society | The Guardian,https://www.theguardian.com/society/2003/aug/13/familyandrelationships.medicineandhealth
Side Effects of GARDASIL®9 (Human Papillomavirus 9-valent ...,https://www.gardasil9.com/about-gardasil9/side-effects-and-safety/
Vaccine Adverse Events,https://www.fda.gov/BiologicsBloodVaccines/SafetyAvailability/ReportaProblem/VaccineAdverseEvents/
MR vaccine Day One: kids suffer side effects,http://www.deccanherald.com/content/595358/mr-vaccine-day-one-kids.html
Side Effects and Adverse Reactions - Petfinder,https://www.petfinder.com/dogs/dog-health/vaccinations-side-effects/
Side effects temporarily halted Ebola vaccine safety trial - LA Times,http://www.latimes.com/science/sciencenow/la-sci-sn-vsv-ebola-vaccine-20150407-story.html
Side effects temporarily halted Ebola vaccine safety trial - LA Times,http://www.latimes.com/science/sciencenow/la-sci-sn-vsv-ebola-vaccine-20150407-story.html
Flu Shot Facts & Side Effects (Updated for 2016-2017),http://www.livescience.com/40279-flu-shot-information.html
Vaccine Side Effect Treatment for in Dogs and Cats - 1800PetMeds®,http://www.1800petmeds.com/education/treating-vaccine-side-effects-dog-cat-45.htm
Frightening HPV Vaccine Side Effects (video),https://thetruthaboutcancer.com/hpv-vaccine-side-effects-video/
National Vaccine Injury Compensation Program,https://www.hrsa.gov/vaccinecompensation/
Can measles vaccine cause injury and death - National Vaccine ...,http://www.nvic.org/vaccines-and-diseases/measles/measles-vaccine-injury-death.aspx
Safety of Vaccines Used for Routine Immunization of US Children: A ...,http://pediatrics.aappublications.org/content/early/2014/06/26/peds.2014-1079
FALSE: Autism Is Now Disclosed as DTaP Side Effect,http://www.snopes.com/autism-is-now-disclosed-as-dtap-side-effect/
The MMR vaccine | BabyCenter,http://www.babycenter.com/0_the-mmr-vaccine_1567.bc
Vaccine meant to prevent HPV could cause serious side effects ...,http://www.wfsb.com/story/29985446/vaccine-meant-to-prevent-hpv-could-cause-serious-side-effects
How anti-vaxxers have scared the media away from covering ...,http://www.vox.com/2015/7/27/9047819/H1N1-pandemic-narcolepsy-Pandemrix
What to expect after vaccinations,https://www.gov.uk/government/uploads/system/uploads/attachment_data/file/448789/8584-what-to-expect-after-vaccination-2015-2P-A5-02-web.pdf
Potential Vaccine Side Effects of Vaccines in Felines - Porter Pet ...,http://www.porterpetcares.com/potential-vaccine-side-effects-of-vaccines-in-felines.html
"Side effects of childhood vaccines are extremely rare, new study finds",http://scopeblog.stanford.edu/2014/07/01/side-effects-of-childhood-vaccines-are-extremely-rare-new-study-finds/
Menactra Side Effects | Menactra Safety,http://www.menactra.com/menactra-side-effects.html
What about vaccine side effects? - Childhood Vaccinations ...,http://www.medbroadcast.com/channel/childhood-vaccinations/vaccine-safety/what-about-vaccine-side-effects
Side Effects after HPV Vaccine Gardasil - YouTube,https://www.youtube.com/watch?v=dgZbwSpf-sc
"Serious Measles Vaccine Side Effects Extremely Rare, Doctors Say ...",http://abcnews.go.com/Health/measles-vaccine-side-effects-extremely-rare-doctors/story?id=28674555
Are Flu Vaccine Side Effects More Likely For Asthmatics?,https://www.verywell.com/asthma-flu-vaccine-side-effects-201080
The Vaccine Side Effects and Risks That Can Occur When ...,http://www.pet-informed-veterinary-advice-online.com/vaccine-side-effects.html
"VaxTruth.org | MMR, Measles Vaccine Side Effects",http://vaxtruth.org/2015/01/measles-vaccine/
What are the side effects of the hepatitis A vaccine? - Viral Hepatitis,http://www.hepatitis.va.gov/patient/hav/vaccine-side-effects.asp
"'Autism' Reported as Vaccine Side Effect, FDA Insert Shows » Alex ...",http://www.infowars.com/autism-reported-as-vaccine-side-effect-fda-insert-shows/
HPV Vaccine Side-Effects Class-Action Suit Planned in Japan,http://www.medscape.com/viewarticle/861322
HPV vaccine side effect cover-up in Sweden —and more,http://anhinternational.org/2015/11/04/swedish-cover-hpv-vaccine-side-effects/
information sheet – comparison of the effects of diseases and the ...,http://www.ncirs.edu.au/assets/provider_resources/handbook-tables/Inside-back-cover_Comparison-effects-of-disease-and-side-effects-of-vaccines.pdf
Systematic Review Finds Side Effects Of Vaccines Are Extremely Rare,http://www.iflscience.com/health-and-medicine/systematic-review-finds-side-effects-vaccines-are-extremely-rare/
Review of HPV vaccine side-effects - BBC News,http://www.bbc.com/news/health-33504211
A Hidden Vaccine Side Effect That Many Pet Owners (and Vets),http://healthypets.mercola.com/sites/healthypets/archive/2016/10/15/autoimmune-disease-dogs.aspx
Vaccine Side Effects & Ingredients - Immunity Education,http://immunityeducationgroup.org/vaccinesideeffectsingredients/
HPV vaccine side effect cover-up in Sweden —and more,http://anhinternational.org/2015/11/04/swedish-cover-hpv-vaccine-side-effects/
Vaccine Side Effects & Ingredients - Immunity Education,http://immunityeducationgroup.org/vaccinesideeffectsingredients/
DPT and DTaP Vaccines: Adverse Reactions. Thinktwice!,http://www.thinktwice.com/dpt.htm
Vaccine Side Effects - Cancer & Death - Health Wealth & Happiness ...,http://www.relfe.com/wp/children/vaccine-side-effects-cancer-death/
Side Effects of ZOSTAVAX (Zoster Vaccine live),http://www.zostavax.com/side-effects-of-zostavax.xhtml
"Should my child have the flu vaccine, what are the side effects and ...",https://www.thesun.co.uk/living/health/1959848/flu-vaccine-side-effects-risks/
3 Ways to Determine the Side Effects of an MMR Vaccination,http://www.wikihow.com/Determine-the-Side-Effects-of-an-MMR-Vaccination
Parents of young children are more 'vaccine hesitant' | Pew ...,http://www.pewresearch.org/fact-tank/2017/02/06/parents-of-young-children-are-more-vaccine-hesitant/
"FactCheck: No, the reported side effects of the HPV vaccine do NOT ...",http://www.thejournal.ie/hpv-vaccine-ireland-regret-gardasil-facts-2970847-Dec2016/
Pertussis vaccine - Wikipedia,https://en.wikipedia.org/wiki/Pertussis_vaccine
Pneumococcal vaccine for babies - Prevenar 13 | Patient,http://patient.info/medicine/pneumococcal-vaccine-for-babies-prevenar-13
Dengue vaccine protects people nine years or older — but harms ...,http://www.theverge.com/2015/7/27/9048425/dengue-vaccine-side-effects-risks-children
WHO | What are some of the myths – and facts – about vaccination?,http://www.who.int/features/qa/84/en/
GM vaccine for malaria without side effects in the offing - Times of India,http://timesofindia.indiatimes.com/life-style/health-fitness/health-news/gm-vaccine-for-malaria-without-side-effects-soon/articleshow/56369939.cms
Concerns About Vaccine Side Effects | What to Expect,http://www.whattoexpect.com/child-vaccinations/concerns-about-vaccine-side-effects.aspx
Flu jab: Dr Hilary Jones discusses side effects on Lorraine | Health ...,http://www.express.co.uk/life-style/health/725754/Flu-jab-side-effects-boots-pregnant-vaccine-cold-NHS-symptoms
HPV vaccine support group concerned at side-effects,http://www.irishtimes.com/news/health/hpv-vaccine-support-group-concerned-at-side-effects-1.2221556
Thousands of teenage girls report feeling seriously ill after routine ...,http://www.independent.co.uk/life-style/health-and-families/thousands-of-teenage-girls-report-feeling-seriously-ill-after-routine-school-cancer-vaccination-10286876.html
Fluenz Tetra nasal spray suspension Influenza vaccine (live ...,https://www.medicines.org.uk/emc/medicine/29109
vaccine side effects – Dr Tenpenny,http://drtenpenny.com/tag/vaccine-side-effects/
